date	file	sha256	status	method
2026-06-09T06:16:01+00:00	api-reference/booking/booking-v1-clienttype-list.md	4f4e1665033199ad83592c67dd181f8a4c1aff7cec206ca0717893de01c6865e	done	booking.v1.clienttype.list
2026-06-09T06:16:02+00:00	api-reference/booking/booking/booking-v1-booking-add.md	fda05b5bbc3672d704860e97cb23482c07277ae083c444045f3c4861058cfd46	done	booking.v1.booking.add
2026-06-09T06:16:03+00:00	api-reference/booking/booking/booking-v1-booking-createfromwaitlist.md	c193e38b5ec1128cb5f89230943ac3a9c7f22296298cafe96ceb7f2ce5b55ed5	done	booking.v1.booking.createfromwaitlist
2026-06-09T06:16:03+00:00	api-reference/booking/booking/booking-v1-booking-delete.md	545208e3ebab6cfc5b48f5e68aafeb2df3508f04de75b433786fb987c52a919f	done	booking.v1.booking.delete
2026-06-09T06:16:04+00:00	api-reference/booking/booking/booking-v1-booking-get.md	bb10115cd7520c4cd90aa30d5e249587403e2a8170a9f23b098997c8d6b46b42	done	booking.v1.booking.get
2026-06-09T06:21:47+00:00	api-reference/booking/booking/booking-v1-booking-list.md	113e5d30b146899321a7a09a1b5f211ad3b52a22f27c8cfc95d41dee681be734	done	booking.v1.booking.list
2026-06-09T06:16:05+00:00	api-reference/booking/booking/booking-v1-booking-update.md	4c084f46552debf43a2296b36c360d546a02153932c6b92aa6d6641db5d3e3c4	done	booking.v1.booking.update
2026-06-09T06:16:06+00:00	api-reference/booking/booking/client/booking-v1-booking-client-list.md	59162ebafe52df2078ab8c5449c50bdb3a9ec5d25a111318f4ccc300e0d933e6	done	booking.v1.booking.client.list
2026-06-09T06:16:06+00:00	api-reference/booking/booking/client/booking-v1-booking-client-set.md	4b9e768cab21deb5a6e208f2a142edd1b05a758abeb264aa15ff4e592c397400	done	booking.v1.booking.client.set
2026-06-09T06:16:07+00:00	api-reference/booking/booking/client/booking-v1-booking-client-unset.md	8e94f1622d3af11bd63f6dc8a6484346211987104f6bb8b381d73ea4ea10d628	done	booking.v1.booking.client.unset
2026-06-09T06:16:08+00:00	api-reference/booking/booking/external-data/booking-v1-booking-externaldata-list.md	80b670c1a9ee4d6bde3d40fe07eb862319b5bf82fe1b8fe907337e00642f8112	done	booking.v1.booking.externalData.list
2026-06-09T06:16:08+00:00	api-reference/booking/booking/external-data/booking-v1-booking-externaldata-set.md	ad343e9797f176d4100ea3389d6fd593177511a1c526399e05f5432c733ef825	done	booking.v1.booking.externalData.set
2026-06-09T06:16:09+00:00	api-reference/booking/booking/external-data/booking-v1-booking-externaldata-unset.md	282b85793a052cf9e24ce1899fe8473bb6ab6af097ec4f36c15235f464676031	done	booking.v1.booking.externalData.unset
2026-06-09T06:16:10+00:00	api-reference/booking/resource/booking-v1-resource-add.md	df32d4bb726e585d3094e7058e0ffe13efe71257cd3adf0cb7d79193245c37a0	done	booking.v1.resource.add
2026-06-09T06:16:10+00:00	api-reference/booking/resource/booking-v1-resource-delete.md	74a43df5453702073851bea6e94a771e1dcab179ab2a7b249d4e009b627220f2	done	booking.v1.resource.delete
2026-06-09T06:16:11+00:00	api-reference/booking/resource/booking-v1-resource-get.md	53a74031040f6984b6a14c09c1a51f8a93862b745d5d47466cf226ba74f7a3ce	done	booking.v1.resource.get
2026-06-09T06:16:12+00:00	api-reference/booking/resource/booking-v1-resource-list.md	b74b897650ade3590822423b9de9a80f5c7287375fd16c63826b07704ca7ae8a	done	booking.v1.resource.list
2026-06-09T06:16:13+00:00	api-reference/booking/resource/booking-v1-resource-update.md	0b3302c86ced0762e08e9697552ddd7901bc314c0259ca248a19b9de0e29b470	done	booking.v1.resource.update
2026-06-09T06:16:13+00:00	api-reference/booking/resource/resource-type/booking-v1-resourcetype-add.md	90de266abdda35c9993e2f8dbcb6d3858bbc33801dcf082965a21355e863666b	done	booking.v1.resourceType.add
2026-06-09T06:16:14+00:00	api-reference/booking/resource/resource-type/booking-v1-resourcetype-delete.md	455e10173428037a6ae3ad7780eda181d2d47bb711ed4b794c9e2e2394e57560	done	booking.v1.resourceType.delete
2026-06-09T06:16:15+00:00	api-reference/booking/resource/resource-type/booking-v1-resourcetype-get.md	af139cc0db3444e74f0112086c1917154db100214744568dfceee95af9e24195	done	booking.v1.resourceType.get
2026-06-09T06:16:15+00:00	api-reference/booking/resource/resource-type/booking-v1-resourcetype-list.md	a001f9d404c98863c22001b20d11e00cac0a8a26db341498f251455781c9391c	done	booking.v1.resourceType.list
2026-06-09T06:16:16+00:00	api-reference/booking/resource/resource-type/booking-v1-resourcetype-update.md	9a70acc24ab341818f904cb0cf1ff8dad6f0949b0c17b6fe5a9af734d3ca6091	done	booking.v1.resourceType.update
2026-06-09T06:16:17+00:00	api-reference/booking/resource/slots/booking-v1-resource-slots-list.md	5e7bbd55fb0a2d9aa4a5afb6842dd6c4deb486d24501fff8d17c49adbb3d3fcd	done	booking.v1.resource.slots.list
2026-06-09T06:16:18+00:00	api-reference/booking/resource/slots/booking-v1-resource-slots-set.md	a66bdc92ab3a08c1109ee2ba3b022929113b95faa5611b2bd19c47f9dbdad45f	done	booking.v1.resource.slots.set
2026-06-09T06:16:18+00:00	api-reference/booking/resource/slots/booking-v1-resource-slots-unset.md	6745d9f8105549308db03d3f60f8c86d0c1b39ed48c0e19a69c7a97b7259ef42	done	booking.v1.resource.slots.unset
2026-06-09T06:16:19+00:00	api-reference/booking/waitlist/booking-v1-waitlist-add.md	83e55843a32f10292b5d066a595fd4bdcfb54dcb5acba502f87a5df214b0427c	done	booking.v1.waitlist.add
2026-06-09T06:16:20+00:00	api-reference/booking/waitlist/booking-v1-waitlist-createfrombooking.md	22d319ed9b53523252dd0f951d5840eb38d29681c6c863ce360862c33fb6e8e1	done	booking.v1.waitlist.createfrombooking
2026-06-09T06:16:20+00:00	api-reference/booking/waitlist/booking-v1-waitlist-delete.md	48d2322782aae95a6bfb01b3d19ee4e9fe6b9b2612e7c73a07d5e1137c529316	done	booking.v1.waitlist.delete
2026-06-09T06:16:21+00:00	api-reference/booking/waitlist/booking-v1-waitlist-get.md	e6a053a72f7fb5fccf25902b59b73038441abe487bb5f21f9aef437619cc12c0	done	booking.v1.waitlist.get
2026-06-09T06:21:48+00:00	api-reference/booking/waitlist/booking-v1-waitlist-list.md	cac21cfa4ca8d1c6bd05274f1b1f6fddb2089d3cc2068fdcec25fc078819922b	done	booking.v1.waitlist.list
2026-06-09T06:16:22+00:00	api-reference/booking/waitlist/booking-v1-waitlist-update.md	9f881a11e4f0fb25a33b3555c8153e9257be7b904d79b0797613a8ab80d99418	done	booking.v1.waitlist.update
2026-06-09T06:16:22+00:00	api-reference/booking/waitlist/client/booking-v1-waitlist-client-list.md	747b08437757bf590492e53eab0bf32b61c909e69326ef9be5bd5fad9bf07835	done	booking.v1.waitlist.client.list
2026-06-09T06:16:23+00:00	api-reference/booking/waitlist/client/booking-v1-waitlist-client-set.md	c0ff31ab2fad1391dff83fbc90d1ae5f41679244c0e42218b5561c39783dbb33	done	booking.v1.waitlist.client.set
2026-06-09T06:16:24+00:00	api-reference/booking/waitlist/client/booking-v1-waitlist-client-unset.md	92fd018c2ca235181bc369733ea0d950e586f848d0e54658662e0e6cf60f95d5	done	booking.v1.waitlist.client.unset
2026-06-09T06:16:25+00:00	api-reference/booking/waitlist/external-data/booking-v1-waitlist-externaldata-list.md	563d299427fb1afb3b1b1493fb643d116fc8d77656ec1ffe0759a762fb27b79d	done	booking.v1.waitList.externalData.list
2026-06-09T06:16:25+00:00	api-reference/booking/waitlist/external-data/booking-v1-waitlist-externaldata-set.md	69e17904cdd4ab57964490acd1f315d19f09df8a16311e14e5957b2353f526b6	done	booking.v1.waitlist.externalData.set
2026-06-09T06:16:26+00:00	api-reference/booking/waitlist/external-data/booking-v1-waitlist-externaldata-unset.md	3bb3837425148b08fe60e4bfe5648ad566efafac6015104e24cd497cba1afd85	done	booking.v1.waitlist.externalData.unset
2026-06-04T14:08:33+00:00	api-reference/calendar/calendar-event/calendar-accessibility-get.md	62ed4052f4fc874eaf4139d9137396043da988c72e3194d33e23e8bf065eb9f6	done	calendar.accessibility.get
2026-06-04T14:08:35+00:00	api-reference/calendar/calendar-event/calendar-event-add.md	efa97f93434cd9988cb46bcd431ed10d96be3e4fb32863569306a2903d5c53e5	done	calendar.event.add
2026-06-04T14:08:36+00:00	api-reference/calendar/calendar-event/calendar-event-delete.md	19d96fbf6cc6f2e5dc88d7085529209f6d758e85e8e45236f284e9d8c046fb40	done	calendar.event.delete
2026-06-04T15:25:36+00:00	api-reference/calendar/calendar-event/calendar-event-get-by-id.md	47b1343ba8c20c1ed43abdb994629ed5338bd437dac17b7fe1aea298b05e736e	done	calendar.event.getbyid
2026-06-04T14:08:37+00:00	api-reference/calendar/calendar-event/calendar-event-update.md	3baaa312a3331911a3c367c8c02b7c10d11bd72beb27920a4c9e58e201eb6389	done	calendar.event.update
2026-06-04T14:08:38+00:00	api-reference/calendar/calendar-event/calendar-meeting-status-get.md	a4fe40598274ff65642acf91f52ac22c150b5e6b082cd39a849cd63b998d1250	done	calendar.meeting.status.get
2026-06-04T14:08:39+00:00	api-reference/calendar/calendar-event/calendar-meeting-status-set.md	e02dab8e01baebf827351252b775638201893a04cb5738a01a14748be0ca0e9f	done	calendar.meeting.status.set
2026-06-04T15:25:36+00:00	api-reference/calendar/calendar-grid-veiw.md	8252324e249783cae21ce9fbddfef13355d23582ded3797406f0a290530eca89	done	placement.bind
2026-06-04T14:08:39+00:00	api-reference/calendar/calendar-section-add.md	5df3e6ced49feb0301856e66534e6c3f085e3e722cb33ebb1569e0b6a19c7b29	done	calendar.section.add
2026-06-04T14:08:40+00:00	api-reference/calendar/calendar-section-delete.md	aa423f4ae6ba98b04dcdbea2009af6556ef60be49ac313fdca6cb262e9b33f0c	done	calendar.section.delete
2026-06-04T14:08:41+00:00	api-reference/calendar/calendar-section-get.md	92a5459806fc7f6b1b8c122f4d1803bd273749306a370fc981e3ec97613494df	done	calendar.section.get
2026-06-04T14:08:42+00:00	api-reference/calendar/calendar-section-update.md	f9a9be526e1ec6689d47e89de012de8ee9138aa71e1a10f8de24acc52bd864fa	done	calendar.section.update
2026-06-04T14:08:43+00:00	api-reference/calendar/calendar-settings-get.md	840da446ebae1884187a15c11e1504f144886cf14fb29d64781440c3f618de4f	done	calendar.settings.get
2026-06-04T14:08:43+00:00	api-reference/calendar/calendar-user-settings-get.md	ac3da6ffefd45b9388a959a6e253280623bcb5f56380aba95981f0a6f05da1e8	done	calendar.user.settings.get
2026-06-04T14:08:44+00:00	api-reference/calendar/calendar-user-settings-set.md	c368e7c4ab5f87f2f379c2021b78b8033b7406da21ca8082e2bf7f56e0ce634b	done	calendar.user.settings.set
2026-06-04T14:08:45+00:00	api-reference/calendar/resource/calendar-resource-add.md	3a9eb58c473c8fb4b6416e9d6ab4f149e234ee59be23e5745daf7629578bb26a	done	calendar.resource.add
2026-06-04T15:25:36+00:00	api-reference/calendar/resource/calendar-resource-booking-list.md	46181e4b05221add451849bf012441651b4b6c12a673245b018ec5548c1f49de	done	calendar.resource.booking.list
2026-06-04T14:08:47+00:00	api-reference/calendar/resource/calendar-resource-delete.md	86d1dbb3554e3e13975f3b3a40d8b4fa1fbd03b1cfe4ca9f2a033c4a7553fd7d	done	calendar.resource.delete
2026-06-04T14:08:48+00:00	api-reference/calendar/resource/calendar-resource-list.md	849c6b72effa8d6d22cfafa55902d1069b6735ad2b5d37225a1d7921a59cf847	done	calendar.resource.list
2026-06-04T14:08:48+00:00	api-reference/calendar/resource/calendar-resource-update.md	b0a80e7df175c02afe87652dff9949e0638dbca6fef6e1791da023d0b8af15ef	done	calendar.resource.update
2026-06-05T17:34:38+00:00	api-reference/crm/companies/contacts/crm-company-contact-add.md	6852f6b4c78c434ce1002002e395b94c09e46d94c0ea55825a48f9db7c9f37c7	done	crm.company.contact.add
2026-06-05T17:34:38+00:00	api-reference/crm/companies/contacts/crm-company-contact-delete.md	4a151a08c2516bd31a54d0c93dcde350d60737d4781e818c9b28e55350e77c36	done	crm.company.contact.delete
2026-06-05T17:34:38+00:00	api-reference/crm/companies/contacts/crm-company-contact-fields.md	39c000ab2b800705d533aa3312e4f4de9e439ca90b1fe3dd9003350916ee4fe2	done	crm.company.contact.fields
2026-06-05T17:34:38+00:00	api-reference/crm/companies/contacts/crm-company-contact-items-delete.md	07f0ded978ebfe48267f0d3a414a29b07b64064a09ccb815b9341cc0964dbb98	done	crm.company.contact.items.delete
2026-06-05T17:34:38+00:00	api-reference/crm/companies/contacts/crm-company-contact-items-get.md	09bf94973b0c21bfa1fb7d5b3f2012b0145760f23470a999311b51de447419e4	done	crm.company.contact.items.get
2026-06-05T17:34:38+00:00	api-reference/crm/companies/contacts/crm-company-contact-items-set.md	faff5dd17ac312b9a998cd12ed6b8b11dcfc914d30aa71864ccc174c6dc7ac78	done	crm.company.contact.items.set
2026-06-05T17:34:38+00:00	api-reference/crm/companies/crm-company-add.md	ed7b1c6ee075dc146f5f824520e2c0d30ec278cb7b49a6363ea9faafe9c203e8	done	crm.company.add
2026-06-05T17:42:50+00:00	api-reference/crm/companies/crm-company-delete.md	7da7ff2f79d58dd55e5b060128534c5a8912d974ad8702c6e229bbaee9cb5061	done	crm.company.delete
2026-06-05T17:34:38+00:00	api-reference/crm/companies/crm-company-fields.md	a2feed4fa2f4663cffc9e8ecbab8197434fb656d86f53812f8a27676ee4f13ae	done	crm.company.fields
2026-06-05T17:42:49+00:00	api-reference/crm/companies/crm-company-get.md	04807541f3f81b791f5f701e1ea3af2ecfed0fb9aeafaa544e9c0001c3317f5b	done	crm.company.get
2026-06-05T17:34:38+00:00	api-reference/crm/companies/crm-company-list.md	b3842b7827d89bf53aa990284ef11790d708125355f6c834604aa1a6937e1fc3	done	crm.company.list
2026-06-05T17:42:50+00:00	api-reference/crm/companies/crm-company-update.md	9ed8d2b63e531bba29d82862629486718e3171d27ce4480aaf7d0484bb2b4323	done	crm.company.update
2026-06-05T17:34:38+00:00	api-reference/crm/companies/custom-form/crm-company-details-configuration-force-common-scope-for-all.md	58d80c53ad4fece445202622aadb55f3435a5d62083b2f10dc8921b62f814616	done	crm.company.details.configuration.forceCommonScopeForAll
2026-06-05T17:34:38+00:00	api-reference/crm/companies/custom-form/crm-company-details-configuration-get.md	18da68df8bc9dfc50d15a0a9d06e2b5184ab4c9e10d26058fa0136602f5bbdab	done	crm.company.details.configuration.get
2026-06-05T17:34:38+00:00	api-reference/crm/companies/custom-form/crm-company-details-configuration-reset.md	5dc908f1ff1d48abdf741ae54a19bb94ec2b42bd5eaf60eab5c5eb602fa4ea20	done	crm.company.details.configuration.reset
2026-06-05T17:34:38+00:00	api-reference/crm/companies/custom-form/crm-company-details-configuration-set.md	dbcdaf25c91ccb4f924d9cc02883785b55edaa40c6d81dff724fc53541494cc9	done	crm.company.details.configuration.set
2026-06-05T17:34:38+00:00	api-reference/crm/companies/userfields/crm-company-userfield-add.md	c20da000e8c1519812552f6b3d0cf05ce7075c49c057b343e5d1a6c21aa462c3	done	crm.company.userfield.add
2026-06-05T17:34:39+00:00	api-reference/crm/companies/userfields/crm-company-userfield-delete.md	d02257d744267fcacc6550c68c4151b157a793e9fb7a218344477d301c9b2a19	done	crm.company.userfield.delete
2026-06-05T17:34:39+00:00	api-reference/crm/companies/userfields/crm-company-userfield-get.md	58ce6b82450cba585e45b98b65b952a6fbf6798399c985d8632a682483e7b03a	done	crm.company.userfield.get
2026-06-05T17:34:39+00:00	api-reference/crm/companies/userfields/crm-company-userfield-list.md	2070c2bdbd2fc674a68ef9c833f889f329cb94be0d4d231da40769f9e296dc04	done	crm.company.userfield.list
2026-06-05T17:34:39+00:00	api-reference/crm/companies/userfields/crm-company-userfield-update.md	4664134381b501bcc018db5a392a850546caf1ee925f68413605f40748a66532	done	crm.company.userfield.update
2026-06-08T15:21:27+00:00	api-reference/crm/contacts/company/crm-contact-company-add.md	a423cd3e9a90ef33af8db69c50bd8c302f1c25e5dfe64e5f0d7ec09b54b9e5fe	done	crm.contact.company.add
2026-06-08T15:21:27+00:00	api-reference/crm/contacts/company/crm-contact-company-delete.md	b70283b661f5106b3d46474d2a821cce4923acc6bd01a14f8a323d1fe753ddfc	done	crm.contact.company.delete
2026-06-08T15:21:27+00:00	api-reference/crm/contacts/company/crm-contact-company-fields.md	d02009170e5c02d7d9ca2bbc2fb1b796b68bebe996590e242f664a055b44438b	done	crm.contact.company.fields
2026-06-08T15:21:27+00:00	api-reference/crm/contacts/company/crm-contact-company-items-delete.md	57454d8ebb004d515a9c08d4966a213be242c7a70d0cddbae9af112d82dd9547	done	crm.contact.company.items.delete
2026-06-08T15:21:27+00:00	api-reference/crm/contacts/company/crm-contact-company-items-get.md	3446366ad071948eaa802f115b79418d13a37fd685ab81e6450827ad5dcf1f12	done	crm.contact.company.items.get
2026-06-08T15:21:27+00:00	api-reference/crm/contacts/company/crm-contact-company-items-set.md	a8e5426705ce740570e951b73f92280dfe3d5a8fa488f82fd0439951895dad20	done	crm.contact.company.items.set
2026-06-08T15:21:27+00:00	api-reference/crm/contacts/crm-contact-add.md	fc50b06dab88dd400ca52c8337a625864c6268afd129feb29b6bb9536accdd4b	done	crm.contact.add
2026-06-08T15:21:27+00:00	api-reference/crm/contacts/crm-contact-delete.md	8b9908b34af32950d678a5564e253a9550b220be674c8751114499a80bb51010	done	crm.contact.delete
2026-06-08T15:21:27+00:00	api-reference/crm/contacts/crm-contact-fields.md	2e554a0d2e6571eecc35d510d528e33af4a3e033f4543992150d348cbd7839e3	done	crm.contact.fields
2026-06-08T15:21:27+00:00	api-reference/crm/contacts/crm-contact-get.md	bc26377e483c69ada6b2a7c4a91e22a49ba3a50f2370ea708b5a37f8e7ea1f6f	done	crm.contact.get
2026-06-08T15:21:27+00:00	api-reference/crm/contacts/crm-contact-list.md	63c396516517d90eea5301c2f7b6fea514f14ceb060573fe0b60afd723c6fe16	done	crm.contact.list
2026-06-08T15:21:27+00:00	api-reference/crm/contacts/crm-contact-update.md	055bb6257484164eefb2baefeccbdff657258bd8d65a34a3f06d53edc36989d5	done	crm.contact.update
2026-06-08T15:21:27+00:00	api-reference/crm/contacts/custom-form/crm-contact-details-configuration-force-common-scope-for-all.md	bdc2537248544b08540b5c11b8ce6af57a225dcc2493f572a3ce2ae2b3338735	done	crm.contact.details.configuration.forceCommonScopeForAll
2026-06-08T15:21:27+00:00	api-reference/crm/contacts/custom-form/crm-contact-details-configuration-set.md	0037ef0fabacba1f83e4359908fd6f673cde7241e658e908265506133aa61db4	done	crm.contact.details.configuration.set
2026-06-08T15:21:27+00:00	api-reference/crm/contacts/userfield/crm-contact-userfield-delete.md	3db99ed6bbc941a6f657a3f23c9c0b52555c581f5d3e88298a8a1a6320a3e84b	done	crm.contact.userfield.delete
2026-06-08T15:21:27+00:00	api-reference/crm/contacts/userfield/crm-contact-userfield-get.md	ac3b6c319aaeaf8768bb9783c413255f228d17ad18f3f54f4d66293ed4ed417a	done	crm.contact.userfield.get
2026-06-08T15:21:27+00:00	api-reference/crm/contacts/userfield/crm-contact-userfield-list.md	7dceda35acba630043511d11b3da1f38f41420589cd853f2c0d0c41a9b8320fb	done	crm.contact.userfield.list
2026-06-05T12:53:53+00:00	api-reference/crm/currency/crm-currency-add.md	eee78caae39e03f3f2b84c0bdea1a7a5e366bd6f6c2d6fb621e971f03c5b7c91	done	crm.currency.add
2026-06-05T08:05:05+00:00	api-reference/crm/currency/crm-currency-base-get.md	3c473942e14baab369612d45084f9ea5188b9369b30f8ec1a81698b7010d2aa4	done	crm.currency.base.get
2026-06-05T08:05:05+00:00	api-reference/crm/currency/crm-currency-base-set.md	852910654e3240e101ce688fba4d6f1e95438f41b991740b0f7c62fd79bdc08f	done	crm.currency.base.set
2026-06-05T08:05:05+00:00	api-reference/crm/currency/crm-currency-delete.md	a8099a5abaf93c18e218a19e4db2d6a7b30096d36b92ab93df9f77fe5e306c05	done	crm.currency.delete
2026-06-05T08:05:05+00:00	api-reference/crm/currency/crm-currency-fields.md	95ec1a5db925d1f08a75887870e75af4195a27b0b83fcf86a3995fcd7b446869	done	crm.currency.fields
2026-06-05T12:45:36+00:00	api-reference/crm/currency/crm-currency-get.md	a522e898bbc8a81d176c3f391c3fc87d7a38de9da1d0ad4b1d297ae19489d7d9	done	crm.currency.get
2026-06-05T12:45:36+00:00	api-reference/crm/currency/crm-currency-list.md	f3237e1dccf1831c579a1a8adac8029927322d9cdb11ecc663d2c8cd328d9ff4	done	crm.currency.list
2026-06-05T08:05:05+00:00	api-reference/crm/currency/crm-currency-update.md	283befbd6a95793c402c4b45b4f6403d226ec5d489159b1032205a4c4a5c99fa	done	crm.currency.update
2026-06-05T12:53:53+00:00	api-reference/crm/currency/localizations/crm-currency-localizations-delete.md	3f8d35db60bc9ccb06684d839871d92de3436ef9de72eac372a4bfc3ab94acb6	done	crm.currency.localizations.delete
2026-06-05T08:05:05+00:00	api-reference/crm/currency/localizations/crm-currency-localizations-fields.md	91a6980c8672a7e0248bed247eac75e84d5f5057c0013ff5d44cd18f6ce07748	done	crm.currency.localizations.fields
2026-06-05T08:05:05+00:00	api-reference/crm/currency/localizations/crm-currency-localizations-get.md	2fd0629ac2fad9e927a8849c40caedf00c83af9a43a56e3b626d8cc26a6d1ae5	done	crm.currency.localizations.get
2026-06-05T08:05:05+00:00	api-reference/crm/currency/localizations/crm-currency-localizations-set.md	91944362e4c7cc1ee57dd4b2fc1f193b3791628a98130679d2047ddc034adc0a	done	crm.currency.localizations.set
2026-06-06T07:07:57+00:00	api-reference/crm/deals/contacts/crm-deal-contact-add.md	fc0d572a8cabe577e594fa7afbaa45d6253a877f8b84c9244a186b82df626ad3	done	crm.deal.contact.add
2026-06-06T07:07:57+00:00	api-reference/crm/deals/contacts/crm-deal-contact-delete.md	5b8d5c49df6073dd0ae91f9eeb92f8e183139475c5112e2605b8569a1d65bcf3	done	crm.deal.contact.delete
2026-06-06T07:07:57+00:00	api-reference/crm/deals/contacts/crm-deal-contact-fields.md	28f0821f28c0335159203ba6ee0e5fd12f7ac315c0eb9a98906bcdef434612ef	done	crm.deal.contact.fields
2026-06-06T07:07:57+00:00	api-reference/crm/deals/contacts/crm-deal-contact-items-delete.md	f30b443db48b72655bf0b16210fe17ad72de0b1ea3cafae31946e724a0fb4971	done	crm.deal.contact.items.delete
2026-06-06T07:07:57+00:00	api-reference/crm/deals/contacts/crm-deal-contact-items-get.md	5f528c5747f890565755774c6cd3940efb042e0b44a7e9fbbc4df760f28eaead	done	crm.deal.contact.items.get
2026-06-06T07:07:57+00:00	api-reference/crm/deals/contacts/crm-deal-contact-items-set.md	1bdd9c7a4ff45110e620653579ef3309491eb6d2b826a5156512aaa6578d1ffe	done	crm.deal.contact.items.set
2026-06-06T07:07:57+00:00	api-reference/crm/deals/crm-deal-add.md	6aa8182ae21ada0dc2ea4c4d4a908efc83aae0abfe902b97d6a4a8c556d0f188	done	crm.deal.add
2026-06-06T07:07:57+00:00	api-reference/crm/deals/crm-deal-delete.md	a84184daadb4d4c22ae771586f2ed1a91759f897755c2d91b697dd38d5891d76	done	crm.deal.delete
2026-06-06T07:07:57+00:00	api-reference/crm/deals/crm-deal-fields.md	c86c0a51b643df6cf3dc6a97da1b63fdafe6d685e5742092117b289761c65f75	done	crm.deal.fields
2026-06-06T07:07:57+00:00	api-reference/crm/deals/crm-deal-get.md	b003684c58a9d592e204f33f53107bfefdc65104a8811871b81e90a6a0fdc3b5	done	crm.deal.get
2026-06-06T07:07:57+00:00	api-reference/crm/deals/crm-deal-list.md	a87e9ec53a5e6bd7916f93930bdf5c8d809d9bb3eb4c7158c6af223b597b6322	done	crm.deal.list
2026-06-06T07:07:57+00:00	api-reference/crm/deals/crm-deal-productrows-get.md	7c91aca8a4a2d93eeedfd076c4f8f37d762d21e1d6f093349dcb36b447178695	done	crm.deal.productrows.get
2026-06-06T07:07:57+00:00	api-reference/crm/deals/crm-deal-productrows-set.md	62dc7a9b7dd56f989bd6f7a69f3a1abf3f40d4d0ed7c821f7759d2507aa0c78f	done	crm.deal.productrows.set
2026-06-06T07:07:57+00:00	api-reference/crm/deals/crm-deal-update.md	c90e602682d9ed6fd79f107b4576723bb899b4d124f6ebfce385e5a6fc0803ad	done	crm.deal.update
2026-06-06T07:07:57+00:00	api-reference/crm/deals/custom-form/crm-deal-details-configuration-force-common-scope-for-all.md	ecd9a07a4ba9866f8019bc3eebd443c853750d9909c9834cec56beddb616644d	done	crm.deal.details.configuration.forceCommonScopeForAll
2026-06-06T07:07:57+00:00	api-reference/crm/deals/custom-form/crm-deal-details-configuration-get.md	2ef43cafa07ce71edcaca6817641c0f08d10b91ffffdcb91ebfc8eae2c9739d3	done	crm.deal.details.configuration.get
2026-06-06T07:07:57+00:00	api-reference/crm/deals/custom-form/crm-deal-details-configuration-reset.md	59765ec4000ccf793e43a64af45e5adc52b772d9ca8e05fa7c5f3ae2ef180b9f	done	crm.deal.details.configuration.reset
2026-06-06T07:07:58+00:00	api-reference/crm/deals/custom-form/crm-deal-details-configuration-set.md	b490fc7789a74bcb9066a9ced086e765a845e072bb74c083349cb0b23f7e6bd6	done	crm.deal.details.configuration.set
2026-06-06T07:07:58+00:00	api-reference/crm/deals/index.md	2088806d5dcb0f33856f54bd61e2f0f505d2bd8d0859689360741262d79cc361	done	crm.item.update
2026-06-06T07:07:58+00:00	api-reference/crm/deals/recurring-deals/crm-deal-recurring-add.md	59b3594840689390abe3d606f46f1a67ee13c8370519be6b09a191671c006b40	done	crm.deal.recurring.add
2026-06-06T07:07:58+00:00	api-reference/crm/deals/recurring-deals/crm-deal-recurring-delete.md	09961809e987af6971a15d231ed3531ca2eb5d8c2243943f0c01a7d6cb1daf50	done	crm.deal.recurring.delete
2026-06-06T07:07:58+00:00	api-reference/crm/deals/recurring-deals/crm-deal-recurring-expose.md	d1d264fec8f93f931c4bb202a7da87d2ba2fcdec07876804642866dfa7dfccb4	done	crm.deal.recurring.expose
2026-06-06T07:07:58+00:00	api-reference/crm/deals/recurring-deals/crm-deal-recurring-fields.md	64f01362bdd1cf7cac0810e05d9404ae2a2393b1dbb1a36be80ed93a36bdc231	done	crm.deal.recurring.fields
2026-06-06T07:07:58+00:00	api-reference/crm/deals/recurring-deals/crm-deal-recurring-get.md	4d1b718111581f520252b4c20e9215a0f054b1b277e63212a043c5ff990f6e70	done	crm.deal.recurring.get
2026-06-06T07:07:58+00:00	api-reference/crm/deals/recurring-deals/crm-deal-recurring-list.md	c461f129076ab60a5ed5305206c4e719ac347a88d7f450d332cc6aac62314cab	done	crm.deal.recurring.list
2026-06-06T07:07:58+00:00	api-reference/crm/deals/recurring-deals/crm-deal-recurring-update.md	611e99dcfc23adf45f8e92b4ea4a735b50aec41606f2918857864e8cbbb3255b	done	crm.deal.recurring.update
2026-06-06T07:07:58+00:00	api-reference/crm/deals/user-defined-fields/crm-deal-userfield-delete.md	3c2ebb6fbc468dcc32cfac9b2f77912e4ca43557c39636f11be3fad77f77d4e4	done	crm.deal.userfield.delete
2026-06-06T07:07:58+00:00	api-reference/crm/deals/user-defined-fields/crm-deal-userfield-get.md	1314b14f10bb32e80afec164aac5cd4d20e06e8e3acf9aef80c6a147434bf940	done	crm.deal.userfield.get
2026-06-06T07:07:58+00:00	api-reference/crm/deals/user-defined-fields/crm-deal-userfield-list.md	ca41e8c61802335cfc430dc91878cb00913a3c5fc4150b0dd20401fcd5b9cae2	done	crm.deal.userfield.list
2026-06-06T07:07:58+00:00	api-reference/crm/leads/crm-lead-add.md	9d98f536e86634f4799cbf05992cbade6af677e8351a49998dee1acc72b5fc16	done	crm.lead.add
2026-06-06T07:07:58+00:00	api-reference/crm/leads/crm-lead-delete.md	30daf5da4e8415c2c815733bb5e22ddcdb598826876cc621ffc8e44dc2119e4a	done	crm.lead.delete
2026-06-06T07:07:58+00:00	api-reference/crm/leads/crm-lead-fields.md	c93779f5b64669f131aca68b957139ed0c48d4c526363c30e0b5cdb8ba951848	done	crm.lead.fields
2026-06-06T07:07:58+00:00	api-reference/crm/leads/crm-lead-get.md	391ead8a4c5bd6b949f165aa3fa3e16c2ee04219d2606eb8afb31ce62e6b4155	done	crm.lead.get
2026-06-06T07:07:58+00:00	api-reference/crm/leads/crm-lead-list.md	65117f260770caabd1165a7827463bd8cff2d10dc48aeb1c9788b69a9932f720	done	crm.lead.list
2026-06-06T07:07:58+00:00	api-reference/crm/leads/crm-lead-productrows-get.md	211c46de6043e9430e3aea7b8c1f7bf3605db8a055b7657165d9aa7385fabcd0	done	crm.lead.productrows.get
2026-06-06T07:07:58+00:00	api-reference/crm/leads/crm-lead-productrows-set.md	1550670f67ee9f8273dc7a601c071ebdb38ed73d8bbe12f25aeec456e121386e	done	crm.lead.productrows.set
2026-06-06T07:07:58+00:00	api-reference/crm/leads/crm-lead-update.md	c62013d11abeb1b528bdf6ff144ed7e7d9cd3d83051e98c6abad62f32004d798	done	crm.lead.update
2026-06-06T07:07:58+00:00	api-reference/crm/leads/custom-form/crm-lead-details-configuration-force-common-scope-for-all.md	b8aa6500f27ef1efe746fa50c3bdeffd9a338cfae1affd19a029d1b785057361	done	crm.lead.details.configuration.forceCommonScopeForAll
2026-06-06T07:07:58+00:00	api-reference/crm/leads/custom-form/crm-lead-details-configuration-get.md	9364c0decabe0d785b21548fc2225e053aa4bb75188b81c445d3045501af0396	done	crm.lead.details.configuration.get
2026-06-06T07:07:58+00:00	api-reference/crm/leads/custom-form/crm-lead-details-configuration-reset.md	62b085704b8cd6f589109f3ad7299dddba7a54cbca6fa6b6d3933234297c0b49	done	crm.lead.details.configuration.reset
2026-06-06T07:07:58+00:00	api-reference/crm/leads/custom-form/crm-lead-details-configuration-set.md	45c903d4d3998ad553a272a1df2a5265b05278d7f2a2905b42c38a0f19a293b6	done	crm.lead.details.configuration.set
2026-06-06T07:07:58+00:00	api-reference/crm/leads/management-communication/crm-lead-contact-add.md	d246156912570e56ca1966be2a689f79540f6c5e52e510bd28596c5ecfe8a3f6	done	crm.lead.contact.add
2026-06-06T07:07:58+00:00	api-reference/crm/leads/management-communication/crm-lead-contact-delete.md	04759605bd09285487d0b45db5d69ae4364bcee1658cf2ff276a4d304f46355f	done	crm.lead.contact.delete
2026-06-06T07:07:58+00:00	api-reference/crm/leads/management-communication/crm-lead-contact-fields.md	48a700bfd594de950fc47f25bbc7fc65d0f00bb38d6e24d83bc8bd3fa4d548e1	done	crm.lead.contact.fields
2026-06-06T07:07:58+00:00	api-reference/crm/leads/management-communication/crm-lead-contact-items-delete.md	c015a5868f5b354c1f4e24a2d405a4ec2222a20ba2133fc4a28d79aab87a74cd	done	crm.lead.contact.items.delete
2026-06-06T07:07:58+00:00	api-reference/crm/leads/management-communication/crm-lead-contact-items-get.md	c54674c13069a0fdfde20c98d8245f42dca83294a440e138bf680f98aa23a088	done	crm.lead.contact.items.get
2026-06-06T07:07:58+00:00	api-reference/crm/leads/management-communication/crm-lead-contact-items-set.md	4ce327142d2cfe53a517a73b2aeb3f61875cc07ed99be31b13e93a844e1224fe	done	crm.lead.contact.items.set
2026-06-06T07:07:59+00:00	api-reference/crm/leads/userfield/crm-lead-userfield-add.md	51eac320a2bb291701417e2515f1c5b445d4021c3cd75059abf4da7b76f5f9ee	done	crm.lead.userfield.add
2026-06-06T07:07:59+00:00	api-reference/crm/leads/userfield/crm-lead-userfield-delete.md	3ff5ba560769a34fc7105ba032585980f9bbabe3a806e14bc3dbc0f9dc9ad0b4	done	crm.lead.userfield.delete
2026-06-06T07:07:59+00:00	api-reference/crm/leads/userfield/crm-lead-userfield-get.md	071a386afb450810fda14acc4fd1a58f92faf2f4d5c835b7951089c32abc833e	done	crm.lead.userfield.get
2026-06-06T07:07:59+00:00	api-reference/crm/leads/userfield/crm-lead-userfield-list.md	38c37b96fddfae59acb79497da6d6123ee8b23be336841939377449fca8e98f2	done	crm.lead.userfield.list
2026-06-06T07:07:59+00:00	api-reference/crm/leads/userfield/crm-lead-userfield-update.md	3e4ee4c7bc014ac541cb92e1f4a1deac20326a13fbb67961f395ef5c8b71031b	done	crm.lead.userfield.update
2026-06-05T15:37:47+00:00	api-reference/crm/status/crm-status-add.md	6a48ef3959cfd1e097885cb5095d9f6e91ac03889b7548a4377f69203d717890	done	crm.status.add
2026-06-05T15:37:47+00:00	api-reference/crm/status/crm-status-delete.md	4c00e89d71556774de8544fcc371a8f0d477c829996d08ded506d6a128cb5d3c	done	crm.status.delete
2026-06-05T15:37:47+00:00	api-reference/crm/status/crm-status-entity-items.md	ed215e1c07221bc980deb322bc506312ea76347a09dfca74d4d2dc0e3167e35a	done	crm.status.entity.items
2026-06-05T15:37:47+00:00	api-reference/crm/status/crm-status-entity-types.md	8453185412187d035cbb961c9e77bdd57bfc0a8e6b77501b0f297215a633c677	done	crm.status.entity.types
2026-06-05T15:37:47+00:00	api-reference/crm/status/crm-status-fields.md	cf98faa77f24d6a82cad39337dabf658eeb2ee611b96bbc97d74107250fb2526	done	crm.status.fields
2026-06-05T15:37:47+00:00	api-reference/crm/status/crm-status-get.md	33bc392df1ea27753a21b9fac481ec843408a83ab062f44efd80b72678bf65c4	done	crm.status.get
2026-06-05T15:37:47+00:00	api-reference/crm/status/crm-status-list.md	a33083f4eec9a94467457957165feef92e4f9eb594d8995cbd0a7009b780fd39	done	crm.status.list
2026-06-05T15:37:47+00:00	api-reference/crm/status/crm-status-update.md	c381c05fbfa40ea47728ceb456d203092d1bb8785490188add0a686416d5b1a8	done	crm.status.update
2026-06-09T04:58:36+00:00	api-reference/disk/attached-object/disk-attached-object-get.md	36abdcd71fe9d0e309a6289de8747a3a6a303ed986c71a97a103528d4bd610ae	done	disk.attachedObject.get
2026-06-09T04:58:37+00:00	api-reference/disk/file/disk-file-copy-to.md	0dc8c2c81a943441f1d1030ec39c5eca7f5e1e982dbff4ab37a732f6dd115357	done	disk.file.copyto
2026-06-09T04:58:38+00:00	api-reference/disk/file/disk-file-delete.md	e6141df56cf66b56e62a7819c06a067ded6c7a8bf9498984d568a1d0bdbc67fa	done	disk.file.delete
2026-06-09T04:58:38+00:00	api-reference/disk/file/disk-file-get-external-link.md	b70cd09dbe94b92d10d28b506b8f7c28f33f60c8d95f2cb02dc84a4a1fc9a7ca	done	disk.file.getExternalLink
2026-06-09T04:58:39+00:00	api-reference/disk/file/disk-file-get-fields.md	1b78c57f9d51d8c61dd6b20f54d8810b74ebe618d72476a91f50154a1335328f	done	disk.file.getfields
2026-06-09T04:58:40+00:00	api-reference/disk/file/disk-file-get-versions.md	98737cbab075bf21c566b2993be04209d695d478f2e411618b3997d10ff98437	done	disk.file.getVersions
2026-06-09T04:58:40+00:00	api-reference/disk/file/disk-file-get.md	c3dfa1298d640e873218aa1078b3ba8c7d6a74019e9ee1ee22f96bab1c1141dc	done	disk.file.get
2026-06-09T04:58:41+00:00	api-reference/disk/file/disk-file-mark-deleted.md	e78dc3fd9debc519a25b3891408fc4e49d56bcea716612c68a7856be1c80545d	done	disk.file.markdeleted
2026-06-09T04:58:42+00:00	api-reference/disk/file/disk-file-move-to.md	ab286c333283d76e4199e429fc4c954761fd142332a500ffea13a230c53bff11	done	disk.file.moveto
2026-06-09T04:58:42+00:00	api-reference/disk/file/disk-file-rename.md	a28809f92d076c3c314ce5c5a11c93c5e923310c0318a83cb2c602963cb2e9e7	done	disk.file.rename
2026-06-09T04:58:43+00:00	api-reference/disk/file/disk-file-restore-from-version.md	4bdd73428689aeb687cabed1eacf88f7e62e40b29c93443001ccef5fd1b23537	done	disk.file.restoreFromVersion
2026-06-09T04:58:44+00:00	api-reference/disk/file/disk-file-restore.md	51104ea9c3d071021cd900c25c96ca0c09ccc08f2b6cd8f3f45adc764792f23c	done	disk.file.restore
2026-06-09T04:58:45+00:00	api-reference/disk/file/disk-file-upload-version.md	0f331a0b57945ab745d7c33cc71017094cb645a12708d7a743d3bb76aef0ac26	done	disk.file.uploadversion
2026-06-09T04:58:45+00:00	api-reference/disk/folder/disk-folder-add-subfolder.md	2a7771a8daf873e7f0f696ee35ad34d5af45f6733312a5c4f0d111dad9a5993e	done	disk.folder.addsubfolder
2026-06-09T04:58:46+00:00	api-reference/disk/folder/disk-folder-copy-to.md	e63092bdeb491e519891cf737e014aee546f4287ca6fd9f48d31629595d26121	done	disk.folder.copyto
2026-06-09T04:58:47+00:00	api-reference/disk/folder/disk-folder-delete-tree.md	2b81ca1f8e62b7cfaa744b2b9541c4dacc891a1bcd91bebafd4444acb029fb0c	done	disk.folder.deletetree
2026-06-09T04:58:48+00:00	api-reference/disk/folder/disk-folder-get-children.md	d93a6812a26c89c19cae68ad9839cafcfc1ac670669fd46f62b2e03df5e741e1	done	disk.folder.getchildren
2026-06-09T04:58:48+00:00	api-reference/disk/folder/disk-folder-get-external-link.md	b4de1715f257e211ac54e3e480d24d48b8ca7d1d49500828c8883745727fa69b	done	disk.folder.getexternallink
2026-06-09T05:02:16+00:00	api-reference/disk/folder/disk-folder-get-fields.md	1277d5a1de18e711835ed649843a14f7d5a9e3916cc093e48db79304c0ca1271	done	disk.folder.getfields
2026-06-09T04:58:49+00:00	api-reference/disk/folder/disk-folder-get.md	a4712c9748c2df513aefedc39475d3da56852a331720cbf2b496967b77f82143	done	disk.folder.get
2026-06-09T04:58:50+00:00	api-reference/disk/folder/disk-folder-mark-deleted.md	ba1307e92551d468f19f38022d8b927a4ee211502b725714446d2daec9d528e2	done	disk.folder.markdeleted
2026-06-09T04:58:50+00:00	api-reference/disk/folder/disk-folder-move-to.md	481087d6d3def280cbfe9e6fc99517eec20b5912910f6ae19ac4094472a33e80	done	disk.folder.moveto
2026-06-09T04:58:51+00:00	api-reference/disk/folder/disk-folder-rename.md	28ea17d076aae3e37b525cc06fae8959ac0bd83fa533c1a4cc69062fef3e9ffa	done	disk.folder.rename
2026-06-09T04:58:52+00:00	api-reference/disk/folder/disk-folder-restore.md	ec6d2424092f543b59296d77fee5d3359f0c451416bf4f0379c54f287d45d6fd	done	disk.folder.restore
2026-06-09T04:58:52+00:00	api-reference/disk/folder/disk-folder-share-to-user.md	d8925f163e1bd481924d6f898a431a603414109c715234d13d2b5450f1e14d12	done	disk.folder.sharetouser
2026-06-09T04:58:54+00:00	api-reference/disk/folder/disk-folder-upload-file.md	6aa670dde56e3e9026c3b674c8b769b23100e531ed36748579937630c4ab4d4a	done	disk.folder.uploadfile
2026-06-09T04:58:55+00:00	api-reference/disk/rights/disk-rights-get-tasks.md	a7f2d703166b8cbcb9f11e84bfb7de301a85a54f193e923743751ebd6af351ec	done	disk.rights.getTasks
2026-06-09T04:58:55+00:00	api-reference/disk/storage/disk-storage-add-folder.md	3f4a3f538b2800d477af7fe3b85cede7197532800e934069b92b7103b0abb73e	done	disk.storage.addfolder
2026-06-09T04:58:56+00:00	api-reference/disk/storage/disk-storage-get-children.md	4aa20adc1c50362154b9976788d7eef4a628b888db952927fa837d4d9a6c058e	done	disk.storage.getchildren
2026-06-09T04:58:57+00:00	api-reference/disk/storage/disk-storage-get-fields.md	a470fb7f7fa1324bd3b8b8de9c6681c008538bdcb30fab48b9bfd742018d7b17	done	disk.storage.getfields
2026-06-09T04:58:57+00:00	api-reference/disk/storage/disk-storage-get-for-app.md	f2914d2d9a692e39d5e91e7e170d1446306ef3ec468b79893b87ec9efd056d5d	done	disk.storage.getforapp
2026-06-09T04:58:58+00:00	api-reference/disk/storage/disk-storage-get-list.md	2bcf90c7f7a67c3c4ad785b8ea0801b856670e0e21f5f80d1a475db397b67312	done	disk.storage.getlist
2026-06-09T04:58:59+00:00	api-reference/disk/storage/disk-storage-get-types.md	b81bb42bdc7d05a75eed072754c87fb7f9b968871a86140b439cb5b29213ea99	done	disk.storage.gettypes
2026-06-09T04:58:59+00:00	api-reference/disk/storage/disk-storage-get.md	b8e2a226c3654b3684592c5c41ea10cc77e74034ee9c8502f7305df66dfa4b77	done	disk.storage.get
2026-06-09T04:59:00+00:00	api-reference/disk/storage/disk-storage-rename.md	4abc123601c73027ec7415b810d6ccac5d67167e035619966af6260d3d6d5efb	done	disk.storage.rename
2026-06-09T04:59:01+00:00	api-reference/disk/storage/disk-storage-upload-file.md	5de83fd1232aeb304364ef362454a5f655863c37d96c92af087c511d48db63f9	done	disk.storage.uploadfile
2026-06-09T04:59:02+00:00	api-reference/disk/version/disk-version-get.md	9c37e50552707b7ff1b2f40a4f0596942fb42193bd09bf1b6aff5682de3abe31	done	disk.version.get
2026-06-09T05:32:21+00:00	api-reference/document-generator/document-generator-document-add.md	9d6d11ea67ba599df3cd105ed42c92b2e9d4103143df34b3b1fdb2d8e289e511	done	documentgenerator.document.add
2026-06-09T05:32:22+00:00	api-reference/document-generator/document-generator-document-delete.md	f9f6ec8032a7ea0e9e959592ac34a9ad299c4323fbece95da994ac34c5c2d08f	done	documentgenerator.document.delete
2026-06-09T05:32:22+00:00	api-reference/document-generator/document-generator-document-enable-public-url.md	62082730533ce3e52d1a2467fe82824d054deae6ca40b8e7f4b14567ac2f5043	done	documentgenerator.document.enablepublicurl
2026-06-09T05:32:23+00:00	api-reference/document-generator/document-generator-document-get-fields.md	90d13cea3a08bec1c0d9e397bc2fcf23f4ba595fd0ced6a7bb9fa1b33dfcd38c	done	documentgenerator.document.getfields
2026-06-09T05:32:24+00:00	api-reference/document-generator/document-generator-document-get.md	f9413db92ede190bd9a150cc717ed1a8964cfaa12c9dd69cf6705c2947206232	done	documentgenerator.document.get
2026-06-09T05:32:24+00:00	api-reference/document-generator/document-generator-document-list.md	41253de6908b5f1be1dd99d23edd80db619aa924fe5125ff30deae4ac31267c7	done	documentgenerator.document.list
2026-06-09T05:32:25+00:00	api-reference/document-generator/document-generator-document-update.md	9c9aa1b41b3f029bad6a2dc32e8b2e591e2481d900985ae7ddacb81c0223a6fa	done	documentgenerator.document.update
2026-06-09T05:32:26+00:00	api-reference/document-generator/numerators/document-generator-numerator-add.md	0ee8d257a6b26a7400567647d1b464a4d25101df04710f64bb9a184b43c5f24e	done	documentgenerator.numerator.add
2026-06-09T05:32:26+00:00	api-reference/document-generator/numerators/document-generator-numerator-delete.md	c5b061019d20c71e086c8ca702f9fabaf5906bca3ed050bc334ea85b1de34c74	done	documentgenerator.numerator.delete
2026-06-09T05:32:27+00:00	api-reference/document-generator/numerators/document-generator-numerator-get.md	0d15ae67399b5c0af5433db1a4ea2b9e50b300fce40972f3bc4e54c699b62ece	done	documentgenerator.numerator.get
2026-06-09T05:32:28+00:00	api-reference/document-generator/numerators/document-generator-numerator-list.md	f2d7ed37e59c16177e191e92c00eb5c8610c3e3539d16323ea647e8c20e69c76	done	documentgenerator.numerator.list
2026-06-09T05:32:29+00:00	api-reference/document-generator/numerators/document-generator-numerator-update.md	612a60c7dd6a1c96941e9109ace08a289382cb280ee594389cacf8a1f0d1a8d2	done	documentgenerator.numerator.update
2026-06-09T05:32:29+00:00	api-reference/document-generator/region/document-generator-region-add.md	c26d315eb1865a6bafdb589e294131d9dc31c00b6f38bb72c1b853755c09c499	done	documentgenerator.region.add
2026-06-09T05:32:30+00:00	api-reference/document-generator/region/document-generator-region-delete.md	2085f67421e0da2994c8fc8d4f72b125554e2e83576ce3d2a8210d9fc1811441	done	documentgenerator.region.delete
2026-06-09T05:32:31+00:00	api-reference/document-generator/region/document-generator-region-get.md	983cdc6b8c8f7f3a46eae65e0fe7917e75b4218683524013370eaefa1fbfc03c	done	documentgenerator.region.get
2026-06-09T05:32:31+00:00	api-reference/document-generator/region/document-generator-region-list.md	186fd100a8d3c029101268bd63c4c2940eada682a3cddeb6c606b300aa75af1c	done	documentgenerator.region.list
2026-06-09T05:32:32+00:00	api-reference/document-generator/region/document-generator-region-update.md	40430e10c709b66861377eb12a2561ed5ea76cb174b422d0436825d3dad75224	done	documentgenerator.region.update
2026-06-09T05:32:33+00:00	api-reference/document-generator/role/document-generator-role-add.md	f2d41cc09a08a3c412ccaa8a04e7dee1b765f21b36e6c90a46972f00486f90f0	done	documentgenerator.role.add
2026-06-09T05:32:33+00:00	api-reference/document-generator/role/document-generator-role-delete.md	2263a7fa860f89a62ed727fea6d8912d8cf2da0c7937088745fc390ea8717d4f	done	documentgenerator.role.delete
2026-06-09T05:32:34+00:00	api-reference/document-generator/role/document-generator-role-fill-accesses.md	1c038c74b67a4de34c8c6ee862610499b16e052691d9ec76bf88964052cbd7f4	done	documentgenerator.role.fillaccesses
2026-06-09T05:32:35+00:00	api-reference/document-generator/role/document-generator-role-get.md	3c3fd2e1a14f333fe5b2ea4d2d881c3dae9fe99a999722457add559b371926d9	done	documentgenerator.role.get
2026-06-09T05:36:48+00:00	api-reference/document-generator/role/document-generator-role-list.md	635511c84b48ba4dd243e431e210f065dd1d0da79423f62ce402ddc450c5d1c0	done	documentgenerator.role.list
2026-06-09T05:32:36+00:00	api-reference/document-generator/role/document-generator-role-update.md	2ca1038b3412d613673320d023ac79c8da0c8f876a058eabedf1696d58add76a	done	documentgenerator.role.update
2026-06-09T05:32:36+00:00	api-reference/document-generator/templates/document-generator-template-add.md	2761c7673d297ffe02beecf08f91d28427622e2a8607bba33ea1c152e0a3b92f	done	documentgenerator.template.add
2026-06-09T05:32:37+00:00	api-reference/document-generator/templates/document-generator-template-delete.md	9e5c1d18915ed5ccb3ef12f71570ea40e7baefec6ec6174cabe7503b9da06071	done	documentgenerator.template.delete
2026-06-09T05:32:38+00:00	api-reference/document-generator/templates/document-generator-template-get-fields.md	36620281c1521a9e160e363c0e6a86c63fdac030074d8fbc4934c37a6a4c99e8	done	documentgenerator.template.getfields
2026-06-09T05:32:38+00:00	api-reference/document-generator/templates/document-generator-template-get.md	a91e24ddcae61d5349325252d19ec8bbe909d682731ffcf2aac2c4aa20d45b72	done	documentgenerator.template.get
2026-06-09T05:32:39+00:00	api-reference/document-generator/templates/document-generator-template-list.md	ddda5ba4c012b10f4edfd741d1fa75cce3a9850156b99739aba9d5ec518804c9	done	documentgenerator.template.list
2026-06-09T05:32:40+00:00	api-reference/document-generator/templates/document-generator-template-update.md	8ad4d5684b41514bb06dae3ddc26fbc7a0f5b8920b104b87145b670bdfeec108	done	documentgenerator.template.update
2026-06-09T03:05:47+00:00	api-reference/messageservice/messageservice-message-status-update.md	cee061dc0a5ba8a0b92792dd7828899667bfdac0d67be5b52d2945b7a6e27bf8	done	messageservice.message.status.update
2026-06-09T03:05:48+00:00	api-reference/messageservice/messageservice-sender-add.md	805e0075c442161e62044ad01b2e17efa78f17ef8046c6d0560cf6d6ea1d73a5	done	messageservice.sender.add
2026-06-09T03:05:49+00:00	api-reference/messageservice/messageservice-sender-delete.md	258fcdb9296bc1a71967e4a2161d21a121c897537fc963357a7f6e42a872982b	done	messageservice.sender.delete
2026-06-09T03:05:49+00:00	api-reference/messageservice/messageservice-sender-list.md	673c6197e2a2c024d7338dc87af04857fdd1b17c6d538d8175af15243ff8c358	done	messageservice.sender.list
2026-06-09T03:05:50+00:00	api-reference/messageservice/messageservice-sender-update.md	c30672468fe05b49cfa70268e16fdf40d5f83fa7aa41bb7e62eb2cc1c617b380	done	messageservice.sender.update
2026-06-09T07:10:54+00:00	api-reference/sonet-group/members/sonet-group-user-add.md	e85d7d73e90639f63835e4e6ddfe3cbca249006ccae33a55dc770e9f87adcbff	done	sonet_group.user.add
2026-06-09T07:10:55+00:00	api-reference/sonet-group/members/sonet-group-user-delete.md	8061e9729c506064ee80d8df4d7d18f1594938b3275ea2e6e0696f013ec75c10	done	sonet_group.user.delete
2026-06-09T07:10:56+00:00	api-reference/sonet-group/members/sonet-group-user-get.md	f1800469ea3ad6481940a5f304b5a7a5dedbf463d8a3b534bb6f8da4b3b381fa	done	sonet_group.user.get
2026-06-09T07:10:57+00:00	api-reference/sonet-group/members/sonet-group-user-invite.md	02b99f82228e339d2218beb7f948bd7694829d089e141fbc9c4fc10e01203e0f	done	sonet_group.user.invite
2026-06-09T07:10:57+00:00	api-reference/sonet-group/members/sonet-group-user-request.md	306bd8146cf4c6d60ff85d17de15ec7f598408785b4165bb754fdf068e091659	done	sonet_group.user.request
2026-06-09T07:10:58+00:00	api-reference/sonet-group/members/sonet-group-user-update.md	e26902f19d700c9da9a2943ed19150f73f48984a4d4bc4ed06a8dca9a106a90f	done	sonet_group.user.update
2026-06-09T07:10:59+00:00	api-reference/sonet-group/scrum/backlog/tasks-api-scrum-backlog-add.md	3a61f6a18864f22c1fcf5611ff12763d928f75c41993b446400d81bb38bd422b	done	tasks.api.scrum.backlog.add
2026-06-09T07:10:59+00:00	api-reference/sonet-group/scrum/backlog/tasks-api-scrum-backlog-delete.md	ea5e1c7a9c64f20c461a4ada16dde0b3a40674f135a25c310a21ac71af79314b	done	tasks.api.scrum.backlog.delete
2026-06-09T07:22:04+00:00	api-reference/sonet-group/scrum/backlog/tasks-api-scrum-backlog-get-fields.md	836800e78e6e1978402a61ee4cb359b52e86da2047411a628bc9f81e8f1e0276	done	tasks.api.scrum.backlog.getFields
2026-06-09T07:11:00+00:00	api-reference/sonet-group/scrum/backlog/tasks-api-scrum-backlog-get.md	0bc752d005cf736e83155d25a5d8bbb5f325bbf51522113f4a4e8952527316f1	done	tasks.api.scrum.backlog.get
2026-06-09T07:11:01+00:00	api-reference/sonet-group/scrum/backlog/tasks-api-scrum-backlog-update.md	b4ca48c24aa6785a8401f28276c7049627516ad42b7ed96a6a090b294c3e251d	done	tasks.api.scrum.backlog.update
2026-06-09T07:11:02+00:00	api-reference/sonet-group/scrum/epic/tasks-api-scrum-epic-add.md	988f618cdb6c714042167912ee6413f309eaf697a1c65ff3e9f4d257a73e820b	done	tasks.api.scrum.epic.add
2026-06-09T07:11:02+00:00	api-reference/sonet-group/scrum/epic/tasks-api-scrum-epic-delete.md	b17bda7c40b1b8de77b7c1971dc32a1906accf15e58a563bde6fe0c8f5e86ba6	done	tasks.api.scrum.epic.delete
2026-06-09T07:11:03+00:00	api-reference/sonet-group/scrum/epic/tasks-api-scrum-epic-get-fields.md	756af8a8363883646f2e88bfab2c751bfa83489ea8d939d44fdf75907227b304	done	tasks.api.scrum.epic.getFields
2026-06-09T07:11:04+00:00	api-reference/sonet-group/scrum/epic/tasks-api-scrum-epic-get.md	c45b6c51950f634a2d69430dfb6df2c5488677c731a797f018c24aa38e1346da	done	tasks.api.scrum.epic.get
2026-06-09T07:11:05+00:00	api-reference/sonet-group/scrum/epic/tasks-api-scrum-epic-list.md	5c823553fad94462372240e69be0ab698eb1f32eea21a9a50a4c9e6b68b220df	done	tasks.api.scrum.epic.list
2026-06-09T07:11:05+00:00	api-reference/sonet-group/scrum/epic/tasks-api-scrum-epic-update.md	a95cfa3ffd331b5531aeac5e33f5a4475c173e1b792f35dbbeabe7c8a789daaa	done	tasks.api.scrum.epic.update
2026-06-09T07:11:06+00:00	api-reference/sonet-group/scrum/kanban/tasks-api-scrum-kanban-add-stage.md	10b9694ed814c9d17b8bc21e0245ddb4335c7f27f570b8dd26cdfb32e851be67	done	tasks.api.scrum.kanban.addStage
2026-06-09T07:11:07+00:00	api-reference/sonet-group/scrum/kanban/tasks-api-scrum-kanban-add-task.md	6a6adbe01a025ab21d8b86e91016c0a21e5e6dc7d15fa57601bb38daa7c1ee21	done	tasks.api.scrum.kanban.addTask
2026-06-09T07:11:07+00:00	api-reference/sonet-group/scrum/kanban/tasks-api-scrum-kanban-delete-stage.md	6561963c5b857835fd0d3375d4e88eebee632fb077a56e7be33957f584504f52	done	tasks.api.scrum.kanban.deleteStage
2026-06-09T07:11:08+00:00	api-reference/sonet-group/scrum/kanban/tasks-api-scrum-kanban-delete-task.md	fde06953c976cf396e4a7a1eb3bac301dbbe746aa8a5f785a06bdda7a26a5be2	done	tasks.api.scrum.kanban.deleteTask
2026-06-09T07:19:29+00:00	api-reference/sonet-group/scrum/kanban/tasks-api-scrum-kanban-get-fields.md	e4f27249968ed6376b38e7f5e5e3d371eeb3f3ed68bb6a8f42b4b0e76bd8ca0d	done	tasks.api.scrum.kanban.getFields
2026-06-09T07:11:09+00:00	api-reference/sonet-group/scrum/kanban/tasks-api-scrum-kanban-get-stages.md	4da68846479d7921c316d6555b91db13c6b9511d1997319a55a1ac1bc52b771e	done	tasks.api.scrum.kanban.getStages
2026-06-09T07:11:09+00:00	api-reference/sonet-group/scrum/kanban/tasks-api-scrum-kanban-update-stage.md	961c77525be7158e820f1cd3f6a96b87d12450c8d2d467467590358e8c7d5781	done	tasks.api.scrum.kanban.updateStage
2026-06-09T07:19:30+00:00	api-reference/sonet-group/scrum/sprint/tasks-api-scrum-sprint-add.md	c7cf94dfe38bf357fbf892ac6115f11b733c345f5ee1fcbbef55d78be591f368	done	tasks.api.scrum.sprint.add
2026-06-09T07:11:11+00:00	api-reference/sonet-group/scrum/sprint/tasks-api-scrum-sprint-complete.md	0fe4a973e55dc6f0f7d786c270948a781ddb6abefc16fc5ff00603e315c19a6c	done	tasks.api.scrum.sprint.complete
2026-06-09T07:19:31+00:00	api-reference/sonet-group/scrum/sprint/tasks-api-scrum-sprint-delete.md	f263941eca9e716ab9e8ef09de4d01c3d187b60f0cd1b9a72a697f46644abcba	done	tasks.api.scrum.sprint.delete
2026-06-09T07:11:12+00:00	api-reference/sonet-group/scrum/sprint/tasks-api-scrum-sprint-get-fields.md	1880eababd0e462b4ec66070be705ddd141d1069e284f95f8fccb25b837274b3	done	tasks.api.scrum.sprint.getFields
2026-06-09T07:11:13+00:00	api-reference/sonet-group/scrum/sprint/tasks-api-scrum-sprint-get.md	b0aba346563a813cae87c6f04f82b18a61bc61d5bbf4858fe500bdd11a112584	done	tasks.api.scrum.sprint.get
2026-06-09T07:11:14+00:00	api-reference/sonet-group/scrum/sprint/tasks-api-scrum-sprint-list.md	1dc65e1d38b965bbd656e12352d120c40413c19ff0d25d158e76fee4b47743c1	done	tasks.api.scrum.sprint.list
2026-06-09T07:11:14+00:00	api-reference/sonet-group/scrum/sprint/tasks-api-scrum-sprint-start.md	e9ab6310be3644cf8d4dc87dee86e832b7277643995eff9a4920a876a8d80da7	done	tasks.api.scrum.sprint.start
2026-06-09T07:22:05+00:00	api-reference/sonet-group/scrum/sprint/tasks-api-scrum-sprint-update.md	c5240ad7e57006ab169c7a900fb55df63d0459791a2fd046778daff1a63da054	done	tasks.api.scrum.sprint.update
2026-06-09T07:11:16+00:00	api-reference/sonet-group/scrum/task/tasks-api-scrum-task-get-fields.md	791c98443996d72265b6688059c95ed7ed59c3bedf75bc7a76b7be4f9badcc71	done	tasks.api.scrum.task.getFields
2026-06-09T07:11:17+00:00	api-reference/sonet-group/scrum/task/tasks-api-scrum-task-get.md	6f7377e3e0dc8c5c4db612fc6c0ba9950f6e7d8fad890746b491f7db0d3766a1	done	tasks.api.scrum.task.get
2026-06-09T07:11:17+00:00	api-reference/sonet-group/scrum/task/tasks-api-scrum-task-update.md	0c5441f9f9bb15fc23251e6d7b372c3218b487f479f8e626af86997a49027c25	done	tasks.api.scrum.task.update
2026-06-09T07:11:18+00:00	api-reference/sonet-group/socialnetwork-api-workgroup-get.md	61aecd491b6a2af18d4377882216aec7ca53f4a940e61e92af610134407e0e39	done	socialnetwork.api.workgroup.get
2026-06-09T07:22:05+00:00	api-reference/sonet-group/socialnetwork-api-workgroup-list.md	f60889d139682d3a8029b8e725297e189a7bd0692f931d4a1610524d105e7f55	done	socialnetwork.api.workgroup.list
2026-06-09T07:11:19+00:00	api-reference/sonet-group/sonet-group-create.md	acd05bae2edc1fbd1bb697127133a25a513baf668ad18dc0e23ae6c41fbfe1e6	done	sonet_group.create
2026-06-09T07:11:19+00:00	api-reference/sonet-group/sonet-group-delete.md	0807407d613188e287ac399628956f97798718c181533184487abb560fb56b73	done	sonet_group.delete
2026-06-09T07:11:20+00:00	api-reference/sonet-group/sonet-group-feature-access.md	d3215c05906f785bfac25a45684ec7a9c745a36625226a20df017a51d9c2988a	done	sonet_group.feature.access
2026-06-09T07:11:21+00:00	api-reference/sonet-group/sonet-group-get.md	0ca7fac8f6a5767c67a0c31d4506883314e977f93f7903ded2a76dc57408118e	done	sonet_group.get
2026-06-09T07:11:22+00:00	api-reference/sonet-group/sonet-group-setowner.md	2159b8dea6fceff5ef75fa40f863d14fd2e963082b70abef3f3b871ae2edeb7a	done	sonet_group.setowner
2026-06-09T07:11:22+00:00	api-reference/sonet-group/sonet-group-update.md	d53617adb2cfa32b87e7b44e468ec73fb2767e2e3b3b0b64d955562d6fdbb129	done	sonet_group.update
2026-06-09T07:11:23+00:00	api-reference/sonet-group/sonet-group-user-groups.md	2a255900c5f978214fb7d8b70c4bae476d1041f3152860a434da58953f9b715c	done	sonet_group.user.groups
2026-06-03T13:58:09+00:00	api-reference/tasks/checklist-item/task-checklist-item-add.md	bc26c014c8d53caec236126c5c9a2e924ffbfcab5f8e05182d18409c1c854c42	done	task.checklistitem.add
2026-06-03T13:58:09+00:00	api-reference/tasks/checklist-item/task-checklist-item-complete.md	29b5e27d223eaa1e45b433a95bcba998ceac90a25f0f0df21ff234cbee071993	done	task.checklistitem.complete
2026-06-03T13:58:09+00:00	api-reference/tasks/checklist-item/task-checklist-item-delete.md	bc0f576f4130ac0a2d939db4af19a7b51ff84d54a14b9934229f3ecd17371a4a	done	task.checklistitem.delete
2026-06-04T10:26:29+00:00	api-reference/tasks/checklist-item/task-checklist-item-get-list.md	3df27d6f7c0306bab221a3d2d5c21e089a22e58263a3bf604e09cd6f2128292a	done	task.checklistitem.getlist
2026-06-03T13:58:09+00:00	api-reference/tasks/checklist-item/task-checklist-item-get-manifest.md	627db9edd65340a79661d2f12e2b2aa19b751bd364cba63ddf08ef5bb6a5a58c	done	task.checklistitem.getmanifest
2026-06-03T13:58:09+00:00	api-reference/tasks/checklist-item/task-checklist-item-get.md	6accbe7653591879e04198ff6a6ed7a34301a567418f519169c74bbd8212840c	done	task.checklistitem.get
2026-06-03T13:58:09+00:00	api-reference/tasks/checklist-item/task-checklist-item-is-action-allowed.md	56512da1f99d20227ecde4089b045fa28eb4f7cda8fb5e6c3d94f5814a6f37b5	done	task.checklistitem.isactionallowed
2026-06-03T13:58:09+00:00	api-reference/tasks/checklist-item/task-checklist-item-move-after-item.md	ac0cf28da83ad02a100d1e839b497f798dff5da640121b3a088d35adc2db9f11	done	task.checklistitem.moveafteritem
2026-06-03T13:58:09+00:00	api-reference/tasks/checklist-item/task-checklist-item-renew.md	34e5f52e14cc645ce7585143a6449aa338dec202dfdfa3be83b3941534a77943	done	task.checklistitem.renew
2026-06-03T13:58:09+00:00	api-reference/tasks/checklist-item/task-checklist-item-update.md	7fce2a68243282790766a31a2a0798506a64d9eb39fd13cb24749af2e18d7335	done	task.checklistitem.update
2026-06-03T13:58:09+00:00	api-reference/tasks/comment-item/events-comment/on-task-comment-add.md	17d0ef9a05bf3ccb68d0a9d27c6b6d4d75ad87a82abdc8a5f29b7a70bdb0ade8	done	event.bind
2026-06-03T13:58:09+00:00	api-reference/tasks/comment-item/events-comment/on-task-comment-delete.md	8de62ab290bba97edd62cd70c58547a9aa7d9e26bea33643533f7fff4bb85c82	done	event.bind
2026-06-03T13:58:09+00:00	api-reference/tasks/comment-item/events-comment/on-task-comment-update.md	544aef8471106f33078b3c491be2aa22ba65cc72f1fefe46180827f67666ffea	done	event.bind
2026-06-03T13:58:09+00:00	api-reference/tasks/comment-item/task-comment-item-add.md	be3dcb3e54b60317551697aee5bc6048526a5485ae4b1f9277f92af4ab1dc162	done	task.commentitem.add
2026-06-03T13:58:10+00:00	api-reference/tasks/comment-item/task-comment-item-delete.md	e87c166ef2405b18203711cade4bb909701fc28137cfe7536a4fe9f58f52b3af	done	task.commentitem.delete
2026-06-03T13:58:10+00:00	api-reference/tasks/comment-item/task-comment-item-get-list.md	e705ddb929f13830cbec4ff9ada733c481e07d8662ab1bbdb8b02be0c4484820	done	task.commentitem.getlist
2026-06-03T13:58:10+00:00	api-reference/tasks/comment-item/task-comment-item-get-manifest.md	62bedf3d9f762b183b5d52bc06c8fb15e5fc546300b1a6b1461f686fcd33d4b4	done	task.commentitem.getmanifest
2026-06-03T13:58:10+00:00	api-reference/tasks/comment-item/task-comment-item-get.md	42bfec340622583672f1ec0c1e6a127fc34ce0a2c510879922a7cdbd3cbc832f	done	task.commentitem.get
2026-06-03T13:58:10+00:00	api-reference/tasks/comment-item/task-comment-item-is-action-allowed.md	552f2436b3d520c5edb1f59927b518d43340ebaba0a9e23349b22b659afeab6b	done	task.commentitem.isactionallowed
2026-06-03T13:58:10+00:00	api-reference/tasks/comment-item/task-comment-item-update.md	cdd9e006f9bcb02a63fc551b231220f3818f1864f72751200c4d656725b8e64b	done	task.commentitem.update
2026-06-06T06:52:44+00:00	api-reference/tasks/deprecated/task-comment-add.md	6251ca47500205143b57499bd1c9afecf6fb1e929111a7c6bc040e59898eb33e	done	task.comment.add
2026-06-06T06:52:44+00:00	api-reference/tasks/deprecated/task-item/task-item-add-file.md	aa9b40df176990ec92677709d19b8c2fd0cf7ca1d1c96a8c1fe0fa67d6fd1c8c	done	task.item.addfile
2026-06-06T06:52:44+00:00	api-reference/tasks/deprecated/task-item/task-item-add-to-favourite.md	994c3040a1ac8cbc5f4c1a45d6336b508e4f7c30d7578138c958a0dea57e2511	done	task.item.addtofavorite
2026-06-03T13:58:10+00:00	api-reference/tasks/deprecated/task-item/task-item-add.md	1c8a33dc67cc1682eb68d2da9415e9e27b8049728d4972584c84c7520783974b	done	task.item.add
2026-06-06T06:52:44+00:00	api-reference/tasks/deprecated/task-item/task-item-approve.md	6ae3c987a033c395559f2dfa2f900451d440056ac29b5418857d530268c3163e	done	task.item.approve
2026-06-06T06:52:44+00:00	api-reference/tasks/deprecated/task-item/task-item-complete.md	6dde1a08930b83d6a26dacd539a2cc40814c638b42cb14b3be6a77d1d3691e8f	done	task.item.complete
2026-06-06T06:52:44+00:00	api-reference/tasks/deprecated/task-item/task-item-defer.md	1baace8fdb20c74e7f1f3c9e1d1e506580f5c608b10b3efa78eb8c57d5b5db72	done	task.item.defer
2026-06-06T06:52:44+00:00	api-reference/tasks/deprecated/task-item/task-item-delegate.md	02d61ac8691d52f582f29c60f93d3578c096aac571ccee7422de334b87dc4084	done	task.item.delegate
2026-06-03T13:58:10+00:00	api-reference/tasks/deprecated/task-item/task-item-delete-file.md	39f2c6885a9dc67c79c1a8a64ba0d09cb2d8f485109113a6dba7e52fad6299d1	done	task.item.deletefile
2026-06-06T06:52:44+00:00	api-reference/tasks/deprecated/task-item/task-item-delete-from-favorite.md	eef0595d71ac5bb0621c4beb1e9fa6c217be815e6188a719273094d1038f1405	done	task.item.deletefromfavorite
2026-06-06T06:52:44+00:00	api-reference/tasks/deprecated/task-item/task-item-delete.md	381a12ba71f45be623ac6f08038a25eb4751861c97c58d702b41e91280ada0f3	done	task.item.delete
2026-06-03T13:58:10+00:00	api-reference/tasks/deprecated/task-item/task-item-disapprove.md	e7c1fda841cade786633971070576718ea885a5b46db6a5d0e14e55d75f0e2eb	done	task.item.disapprove
2026-06-03T13:58:10+00:00	api-reference/tasks/deprecated/task-item/task-item-get-allowed-actions.md	d70ee746922a4a52475935578e3f30ebdd34b3cd2194ebf78e3b480f442812f5	done	task.item.getallowedactions
2026-06-03T13:58:10+00:00	api-reference/tasks/deprecated/task-item/task-item-get-allowed-task-actions-as-strings.md	86834c8d1c6dae3fffe2eeb03250fc3015aae2c6c0b9280bbe8030aa0d58aae8	done	task.item.getallowedtaskactionsasstrings
2026-06-06T06:52:45+00:00	api-reference/tasks/deprecated/task-item/task-item-get-data.md	21e3340b20cb9795616069358052ea609674c76bdee9dc3417a902c7f9f373f0	done	task.item.getdata
2026-06-03T13:58:10+00:00	api-reference/tasks/deprecated/task-item/task-item-get-dependson.md	f4504cb0bd6b7d4e450345041bf593cc582a24af40a04afeb85c2bd5d813261e	done	task.item.getdependson
2026-06-06T06:52:45+00:00	api-reference/tasks/deprecated/task-item/task-item-get-description.md	e24f8aca9d5ffc92bf61c7a9383bbebd1b1b90c7695e2beb4f80caf74e9212a5	done	task.item.getdescription
2026-06-03T13:58:10+00:00	api-reference/tasks/deprecated/task-item/task-item-get-manifest.md	f936b0441c036ac814a52920dca5fa1cf5ed9f395d7d21cf80d8be4c471a9854	done	task.item.getmanifest
2026-06-03T13:58:10+00:00	api-reference/tasks/deprecated/task-item/task-item-is-action-allowed.md	05b105aaf0b682cd079f047d47504390c4efc55ec7b24f67427e51733b3a2fdc	done	task.item.isactionallowed
2026-06-03T13:58:10+00:00	api-reference/tasks/deprecated/task-item/task-item-list.md	c460e8514b37d0527bd96cc7057a6d08f6903d567c857db761815afe008c3299	done	task.item.list
2026-06-06T06:52:45+00:00	api-reference/tasks/deprecated/task-item/task-item-renew.md	4300200c94d8d2752e6a3e4a139af67a98dfdf8403fb4cd9abbd8d8aeae960e2	done	task.item.renew
2026-06-06T06:52:45+00:00	api-reference/tasks/deprecated/task-item/task-item-start-execution.md	be69a1cc64e1a12de34fadb1728bf6be5449892f370bbe03c584f66b19b0ec39	done	task.item.startexecution
2026-06-03T13:58:10+00:00	api-reference/tasks/deprecated/task-item/task-item-update.md	06d90b0a7fd8bb53d0b0b954741b26a10e2f925684ca4dc7a9864db28bd3a0aa	done	task.item.update
2026-06-03T13:58:10+00:00	api-reference/tasks/deprecated/task-item/task-log-item-list.md	4f3ef6d6b95e5fa6d806182eb2e12ff97437dcf9f15067b14d896431772bdebe	done	task.logitem.list
2026-06-06T06:52:45+00:00	api-reference/tasks/deprecated/task-items-get-list.md	f7b7f4f52a385bb1ea24409ba44de05ddae6fd428c6b4921d40867a37f67bae2	done	task.items.getlist
2026-06-03T13:58:10+00:00	api-reference/tasks/elapsed-item/task-elapsed-item-add.md	3c406daa0302c7be46f2d82c652c7c17811316df493553e44e5df0c629bef484	done	task.elapseditem.add
2026-06-03T13:58:11+00:00	api-reference/tasks/elapsed-item/task-elapsed-item-delete.md	80209233e3f4c822a5fa24d47483e1577797ba93adfd771c8f2d351160883b22	done	task.elapseditem.delete
2026-06-04T10:26:29+00:00	api-reference/tasks/elapsed-item/task-elapsed-item-get-list.md	209d3cc149fde93ef25daef0509cf429e2866efafb4c4e8754aef6e11e6b5f55	done	task.elapseditem.getlist
2026-06-03T13:58:11+00:00	api-reference/tasks/elapsed-item/task-elapsed-item-get-manifest.md	d7216b8d3c3b9ecc57bad0a3c90d4783a66332ece0f1eae0efc7e990f66e79c8	done	task.elapseditem.getmanifest
2026-06-03T13:58:11+00:00	api-reference/tasks/elapsed-item/task-elapsed-item-get.md	a33dcd205b6302765d016d6ba431d6833b484266e199a8ea5161c37b9f1eef7b	done	task.elapseditem.get
2026-06-03T13:58:11+00:00	api-reference/tasks/elapsed-item/task-elapsed-item-is-action-allowed.md	95477f52df0266f119a21d4d0fa354028bf1adcc6233c8e2ed86a95dbf7bf4d1	done	task.elapseditem.isActionAllowed
2026-06-03T13:58:11+00:00	api-reference/tasks/elapsed-item/task-elapsed-item-update.md	8c8adf7be1a76aae64605f31f0d97444f1e4a8d70b6ad26bbf5fd9ddcefdae43	done	task.elapseditem.update
2026-06-03T13:58:11+00:00	api-reference/tasks/events-tasks/on-task-add.md	87863e91a6489386c5e95f7bebd380420146f029027da0079ab1ace34f2e0aaf	done	event.bind
2026-06-03T13:58:11+00:00	api-reference/tasks/events-tasks/on-task-delete.md	53183fce2c185fb5538d2ff2eaa349babbab8148e6b80539224b313df9e2cb9e	done	event.bind
2026-06-03T13:58:11+00:00	api-reference/tasks/events-tasks/on-task-update.md	10852339e34974948341bf44ae53643e1f9d23f487d318219b6c10ebc5b367ee	done	event.bind
2026-06-03T13:58:11+00:00	api-reference/tasks/flow/tasks-flow-flow-activate.md	cd1f73e9ad9a08ca46701a30fb59cf6e91e4805daa7e25840594c7f548715b07	done	tasks.flow.Flow.activate
2026-06-03T13:58:11+00:00	api-reference/tasks/flow/tasks-flow-flow-create.md	e8183df6c58e04633a33c29281371d9248a7dbc0f0ca4cccc42bfe51c13f1882	done	tasks.flow.Flow.create
2026-06-03T13:58:11+00:00	api-reference/tasks/flow/tasks-flow-flow-delete.md	6112eaab22075bcb903111b6cc12ecba9ec3fdcc2701977e868f42b640e149a9	done	tasks.flow.Flow.delete
2026-06-03T13:58:11+00:00	api-reference/tasks/flow/tasks-flow-flow-get.md	81c791fe00f4b0bc7ef0d0fda9861bf1c6ad58262a2ff810475ef2825fc0e346	done	tasks.flow.Flow.get
2026-06-03T13:58:11+00:00	api-reference/tasks/flow/tasks-flow-flow-is-exists.md	8337f1859ed1d428601c0d4b8fb7be1d4733dcd2750e3dd89b7ef528fc358301	done	tasks.flow.Flow.isExists
2026-06-03T13:58:11+00:00	api-reference/tasks/flow/tasks-flow-flow-pin.md	9169b64286c2008ca4e16bff87488b145f516ccb12a625abde66492f856a26d1	done	tasks.flow.Flow.pin
2026-06-03T13:58:11+00:00	api-reference/tasks/flow/tasks-flow-flow-update.md	d994170804f2abda611206d4d124f7459997b8c1fc4bce60a1b9fe4f42520851	done	tasks.flow.Flow.update
2026-06-03T13:58:11+00:00	api-reference/tasks/planner/task-planner-get-list.md	398d5f05cc0bfc7303f0650d7d7ff68d392c9271cc1c4f92ecf4884ef1f62803	done	task.planner.getlist
2026-06-03T13:58:11+00:00	api-reference/tasks/result/tasks-task-result-add-from-comment.md	191f741b42d9e3c03569ce47aaf69b1b77a850a437d016f3d9fabb42a9410914	done	tasks.task.result.addFromComment
2026-06-03T13:58:11+00:00	api-reference/tasks/result/tasks-task-result-delete-from-comment.md	c327797cd98cda7e67e3ef564fef97765511c048df7574b99bdb243e72a0fcee	done	tasks.task.result.deleteFromComment
2026-06-03T13:58:11+00:00	api-reference/tasks/result/tasks-task-result-list.md	afa48af77a83acac48fc259e1768faaa96b28d3607b9d817d585afb6b2fb89cf	done	tasks.task.result.list
2026-06-03T13:58:11+00:00	api-reference/tasks/stages/task-stages-add.md	4d8a338074a43cedbc153766939c11d99d27d0da4e6458fe5f70feb6a06a28a4	done	task.stages.add
2026-06-03T13:58:11+00:00	api-reference/tasks/stages/task-stages-can-move-task.md	d5788006f68295f6b7bf02d129ec14a43fa1be5c19bfdb647053a7e015d18c3f	done	task.stages.canmovetask
2026-06-03T13:58:11+00:00	api-reference/tasks/stages/task-stages-delete.md	2ed1732c1f240d5b3e6002372daf9f803ee313e74a3dd246795b7e30052939cf	done	task.stages.delete
2026-06-03T13:58:11+00:00	api-reference/tasks/stages/task-stages-get.md	d76366c4e085b5ee41b1b477b31f1fd2209af900ffff873ec27372a59c759590	done	task.stages.get
2026-06-03T13:58:11+00:00	api-reference/tasks/stages/task-stages-move-task.md	c320c662791942a3537eb84f9ec020c6fff29d19887c6f927fc57ab6e6199303	done	task.stages.movetask
2026-06-03T13:58:11+00:00	api-reference/tasks/stages/task-stages-update.md	d478bb5bcd33d13ac062a53e7c06233bee0d1cf85ea064e02733d50d1b8944ab	done	task.stages.update
2026-06-03T13:58:11+00:00	api-reference/tasks/task-dependence-add.md	65afd4a939c6f07afef72608addc98720fe0aeb29e872448139aa654edf099fa	done	task.dependence.add
2026-06-03T13:58:11+00:00	api-reference/tasks/task-dependence-delete.md	ed1d68d48851739beec23ae222cdaf4d9c0207233a2bf9a7bd38e2dc42c0a011	done	task.dependence.delete
2026-06-03T13:58:11+00:00	api-reference/tasks/tasks-task-add.md	41a25b8dd8d48cc42e61ec384c90a19a4874f45a69e0de3e62a1f1f44d2f7541	done	tasks.task.add
2026-06-03T13:58:11+00:00	api-reference/tasks/tasks-task-approve.md	78b26f90ddd11d0d3264bb00b524f148cefb4145070d6b3df57e3cacabd34d1e	done	tasks.task.approve
2026-06-03T13:58:12+00:00	api-reference/tasks/tasks-task-complete.md	74c28f09873dd35e01d123e83071abb3d25cedaad9d911c1f250a693542c89d6	done	tasks.task.complete
2026-06-03T13:58:12+00:00	api-reference/tasks/tasks-task-counters-get.md	4c988137abd8b3857f02a69efa3bf70c930ae42b2d1953ce9e64541cbcc8a13b	done	tasks.task.counters.get
2026-06-03T13:58:12+00:00	api-reference/tasks/tasks-task-defer.md	fc2746973557672ee3826158f34bb9f4e01740ddb3baef5bc18df867b48bdf87	done	tasks.task.defer
2026-06-03T13:58:12+00:00	api-reference/tasks/tasks-task-delegate.md	eefa310c76b60dd2e1087ec0d53c944f875abe450d826ab8972d9ffdd16b4456	done	tasks.task.delegate
2026-06-03T13:58:12+00:00	api-reference/tasks/tasks-task-delete.md	9ea9d1da20c4330b5d89b0b32f2fe7edd88bafc6b88d74a15e4dcaf640cc4d0f	done	tasks.task.delete
2026-06-03T13:58:12+00:00	api-reference/tasks/tasks-task-disapprove.md	78d7a024dc75e47bf824178d1a0df77020cf12dadd94caeb8b8230e5beec5f4e	done	tasks.task.disapprove
2026-06-03T13:58:12+00:00	api-reference/tasks/tasks-task-favorite-add.md	3d89c26b85ae2201852bc7ea2a0b350fc3e1d56cac44483e1dd56ee45fb5e2aa	done	tasks.task.favorite.add
2026-06-03T13:58:12+00:00	api-reference/tasks/tasks-task-favorite-remove.md	11eaa69ff6d927f532ce53349e1197ca2a1511ab44de30bcc1bd435c69ec16ea	done	tasks.task.favorite.remove
2026-06-03T13:58:12+00:00	api-reference/tasks/tasks-task-files-attach.md	b1b594cd2cc527903af08d0f829f87775ff5dbfab0d3dc6c981186255e87640a	done	tasks.task.files.attach
2026-06-03T13:58:12+00:00	api-reference/tasks/tasks-task-get-access.md	ca6213160f8ce775aec360232863ecb83c7c36541b13fde7484777aebbcc7e11	done	tasks.task.getaccess
2026-06-03T13:58:12+00:00	api-reference/tasks/tasks-task-get-fields.md	fced3680ef76d824505a91cf0741f601aa18819a10a8ca19cdc716ac79d562c2	done	tasks.task.getFields
2026-06-03T13:58:12+00:00	api-reference/tasks/tasks-task-get.md	a091da3585dc799be2847143b1bdd4d5af1f358bc35db3d95dd9b26baef94617	done	tasks.task.get
2026-06-03T13:58:12+00:00	api-reference/tasks/tasks-task-history-list.md	5ae27d945f32dc2342db1d8b49dc596f5e3bcb384bc65feaab4e1cc906aeceb0	done	tasks.task.history.list
2026-06-03T13:58:12+00:00	api-reference/tasks/tasks-task-list.md	296a7fef75694f00d23761ff351902ce7729cb1d2a802bbb2ef59f17f90f9cd1	done	tasks.task.list
2026-06-03T13:58:12+00:00	api-reference/tasks/tasks-task-mute.md	d693d391b6612cea5e1903b50b98fe53e6b29465de5c19c66e89df3681e5327a	done	tasks.task.mute
2026-06-03T13:58:12+00:00	api-reference/tasks/tasks-task-pause.md	f202e0935793790d766dce7b6fb55b7a819d00a6558a7a3e8a356a1e020c4ddf	done	tasks.task.pause
2026-06-06T07:07:59+00:00	api-reference/tasks/tasks-task-pin.md	1dce869250de8d31a9f1d30cfd0a3b912a636b7f599e82e37755784a8596991b	done	tasks.task.pin
2026-06-03T13:58:12+00:00	api-reference/tasks/tasks-task-renew.md	3e6841a2fc2dcea4f8566599a862f942991f85ec345c01aa5e363f547ea86a03	done	tasks.task.renew
2026-06-03T13:58:12+00:00	api-reference/tasks/tasks-task-start-watch.md	54699d7437d46417f2435b21a5c541b671653037bc98eaf5650dfaf541de9932	done	tasks.task.startwatch
2026-06-03T13:58:12+00:00	api-reference/tasks/tasks-task-start.md	d1fd10fbf294cd0d6c11bb9d50cf6067bd26648ced276a0375ec2139d460392c	done	tasks.task.start
2026-06-03T13:58:12+00:00	api-reference/tasks/tasks-task-stop-watch.md	876bd81a336642c040a0e68e31b957cdb1f2396b364caba7ed23ec77dd662cbe	done	tasks.task.stopwatch
2026-06-03T13:58:12+00:00	api-reference/tasks/tasks-task-unmute.md	6214884b2f6670316c2296eb419f2767264b93ce7c2012ae154ba6cec210cba2	done	tasks.task.unmute
2026-06-06T07:07:59+00:00	api-reference/tasks/tasks-task-unpin.md	b5feef4067fcd25844ad08316785464088dba8ae7111775382d9c4435ead7695	done	tasks.task.unpin
2026-06-03T13:58:12+00:00	api-reference/tasks/tasks-task-update.md	d0e977c04b3ec8fc1c87ec978b639f2f248621057b71f722b2480e31e60b7bc7	done	tasks.task.update
2026-06-03T13:58:12+00:00	api-reference/tasks/template/checklist/tasks-template-checklist-add-attachment-by-content.md	5ff6c496c20be34a1abd91f44a0458c9e5f95e104138e4a2a0b653533bac989c	done	tasks.template.checklist.addAttachmentByContent
2026-06-03T13:58:12+00:00	api-reference/tasks/template/checklist/tasks-template-checklist-add-attachments-from-disk.md	4154b029860123954187ef563983ead32a42c2449602ec95db65c4d169ee7516	done	tasks.template.checklist.addAttachmentsFromDisk
2026-06-03T13:58:12+00:00	api-reference/tasks/template/checklist/tasks-template-checklist-add.md	7ba3d257cdeea88eabb0c3f6486cf9ee607e8a164ba2764779b5235960289b06	done	tasks.template.checklist.add
2026-06-03T13:58:12+00:00	api-reference/tasks/template/checklist/tasks-template-checklist-complete.md	0d4cf6a58208763aafe68b682748f058446eb8f65f4f22adf4d1be687a9bbb71	done	tasks.template.checklist.complete
2026-06-03T13:58:12+00:00	api-reference/tasks/template/checklist/tasks-template-checklist-delete.md	a6a134b225f8a8dc5596f71b7649aa53fabbf6e0732c05b29e83d7b3663d94bf	done	tasks.template.checklist.delete
2026-06-03T13:58:13+00:00	api-reference/tasks/template/checklist/tasks-template-checklist-get.md	d6d7f2c0c006fa1d6eca7485d5a1ce52a36cfca41bbfff34d1c2a4852251ed5b	done	tasks.template.checklist.get
2026-06-03T13:58:13+00:00	api-reference/tasks/template/checklist/tasks-template-checklist-list.md	36708dae0bdc873351ba00d6f300c10f3018a9c100d1ddffb3fdf1797631cb22	done	tasks.template.checklist.list
2026-06-03T13:58:13+00:00	api-reference/tasks/template/checklist/tasks-template-checklist-move-after.md	06b1a9edc1985ced0238537207ce8d6aabb1d4b5f644ad22347da2cf5bf7c2fa	done	tasks.template.checklist.moveAfter
2026-06-03T13:58:13+00:00	api-reference/tasks/template/checklist/tasks-template-checklist-move-before.md	686e098743bd1ff2ca563df9b3455ec4f4eaeab0c7fef0cfa12693bfee7faa38	done	tasks.template.checklist.moveBefore
2026-06-03T13:58:13+00:00	api-reference/tasks/template/checklist/tasks-template-checklist-remove-attachments.md	8b717ab799ca5b3a0466ccaf56f56ddad1da6f99f561f81af411561c93f912ec	done	tasks.template.checklist.removeAttachments
2026-06-03T13:58:13+00:00	api-reference/tasks/template/checklist/tasks-template-checklist-renew.md	461069e3d052df7c76adbdd2a0d391a01e57e3f5b640ee08c1315ea616337476	done	tasks.template.checklist.renew
2026-06-03T13:58:13+00:00	api-reference/tasks/template/checklist/tasks-template-checklist-update.md	77cd65834d139fc53ecf577ed9346cae5db71b25f5bb1bbc868bcf0dcd85874d	done	tasks.template.checklist.update
2026-06-03T13:58:13+00:00	api-reference/tasks/template/tasks-template-add.md	35b9f20a79fe53a738549d6334dfbd17b36cb76da4573b0c8ea8a6a9ae9cd52e	done	tasks.template.add
2026-06-03T13:58:13+00:00	api-reference/tasks/template/tasks-template-delete.md	c8667e5cc1bb3937efe423437714f4e0c9599f193ff7265d6637d60809d4e796	done	tasks.template.delete
2026-06-03T13:58:13+00:00	api-reference/tasks/template/tasks-template-fields.md	a538c04783df012ef7ed80eaa37fbe87c1a6f25a746bcb83cb1357d19078035b	done	tasks.template.fields
2026-06-03T13:58:13+00:00	api-reference/tasks/template/tasks-template-get.md	23473b5accada63635a2e5b15e6f70c34b33c4113205c10ff5a4ca693d9649da	done	tasks.template.get
2026-06-03T13:58:13+00:00	api-reference/tasks/template/tasks-template-update.md	cb02d9fa33cd045d42a187c4aeb3bb5cae043419dd1e94b3857912edf250e6a9	done	tasks.template.update
2026-06-03T13:58:13+00:00	api-reference/tasks/user-field/task-item-user-field-add.md	13b536381dc39158748ac458894dad19a8e5366f960c89661b21da86d97d8ed0	done	task.item.userfield.add
2026-06-03T13:58:13+00:00	api-reference/tasks/user-field/task-item-user-field-delete.md	796a79256ef945bb1b1d8f4458403137a694c84c2007e8c937047c10731c4265	done	task.item.userfield.delete
2026-06-03T13:58:13+00:00	api-reference/tasks/user-field/task-item-user-field-get-fields.md	03f5c33a60c08ddfdde41672bb6986ca5ebcb26baa9bb490d26314c461f8ecaf	done	task.item.userfield.getfields
2026-06-04T10:26:29+00:00	api-reference/tasks/user-field/task-item-user-field-get-list.md	12b3f70f5f0494c33c141b92fd1867e4cba61070974468762f65949401c24bad	done	task.item.userfield.getlist
2026-06-03T13:58:13+00:00	api-reference/tasks/user-field/task-item-user-field-get-types.md	b94cd752bfb3796fac0c634b4bc8a894d62c9b9e5b6939f4843957870bed0ac1	done	task.item.userfield.gettypes
2026-06-03T13:58:13+00:00	api-reference/tasks/user-field/task-item-user-field-get.md	79a07f23122c3f51c51ed406c4085fdadbee7e965235c6d80cc5f1e66da875b2	done	task.item.userfield.get
2026-06-03T13:58:13+00:00	api-reference/tasks/user-field/task-item-user-field-update.md	7f20a81f599b4d46b0cb0807cf959e649a2f39e432aac3f484720e5badf5bb2e	done	task.item.userfield.update
2026-06-09T04:33:41+00:00	api-reference/telephony/telephony-call-attach-transcription.md	d459c4b4c3a8cef20dc2430ce81678fd238e483e9a4d9a4c6e9b06bb494071ed	done	telephony.call.attachTranscription
2026-06-09T04:33:42+00:00	api-reference/telephony/telephony-external-call-attach-record.md	8ac6666a77ecbce950bad10086486538294c61d88f6a8b5536018da928edc27e	done	telephony.externalCall.attachRecord
2026-06-09T04:33:42+00:00	api-reference/telephony/telephony-external-call-finish.md	1f2ec8248ff10d04970f29e492340381e6783e25a7734826f97f187c9e01d7e3	done	telephony.externalCall.finish
2026-06-09T04:33:43+00:00	api-reference/telephony/telephony-external-call-hide.md	e8922679662d5df0d93828339f42daf87557c49b641543663edd0125d3fd20a6	done	telephony.externalCall.hide
2026-06-09T04:33:44+00:00	api-reference/telephony/telephony-external-call-register.md	0516c23c4fa9b51b46036515676a9ef75a4a2da9d50b08979bd0f4aa7bbbf8eb	done	telephony.externalCall.register
2026-06-09T04:33:44+00:00	api-reference/telephony/telephony-external-call-search-crm-entities.md	14e44c12f32ff57d6d6623f4cbc18a8cf2e3e55dea4a53018b196fa99ddcbd9c	done	telephony.externalCall.searchCrmEntities
2026-06-09T04:33:45+00:00	api-reference/telephony/telephony-external-call-show.md	aa284adada56ebd2e9b233ec0723a75c629261216bfc1727ad3b47cc83b29ca1	done	telephony.externalCall.show
2026-06-09T04:33:46+00:00	api-reference/telephony/telephony-external-line-add.md	967f9644c68cf1b2248e352cdf8e84a2a8e13f03746f625d26d0029e2d65d54d	done	telephony.externalLine.add
2026-06-09T04:33:46+00:00	api-reference/telephony/telephony-external-line-delete.md	100d2349c94bb7e36b009d45ed7a9ca68dac84a3ade7986fd86b65309097dc13	done	telephony.externalLine.delete
2026-06-09T04:33:47+00:00	api-reference/telephony/telephony-external-line-get.md	5292b3e8c1db27e27f01d538332fc485cc3df6165d76fb9515dbf02b384206ce	done	telephony.externalLine.get
2026-06-09T04:33:48+00:00	api-reference/telephony/telephony-external-line-update.md	1346c5599a9626ab7fb18ce32ce5b4ef8167331f0ffd6e582188b906709ac63c	done	telephony.externalLine.update
2026-06-09T04:33:48+00:00	api-reference/telephony/voximplant/lines/voximplant-line-get.md	a7ca3376392c6f72761b6d96c4afa026bc10a8dec5ca19f6d32b6c8ac167d0b4	done	voximplant.line.get
2026-06-09T04:33:49+00:00	api-reference/telephony/voximplant/lines/voximplant-line-outgoing-get.md	311f68d871cbfc823326eaa4407ab49921eb8cc707e9f87639335a8e0f592f6e	done	voximplant.line.outgoing.get
2026-06-09T04:33:50+00:00	api-reference/telephony/voximplant/lines/voximplant-line-outgoing-set.md	61c6e64559865aa495f6ee6b7d7c29940467f5f68da9e43e29817ae2cd0e9989	done	voximplant.line.outgoing.set
2026-06-09T04:33:51+00:00	api-reference/telephony/voximplant/lines/voximplant-line-outgoing-sip-set.md	9303dd63e05e2ac3876822a1a820231205efbc44867a5a0fbec3deb0d852e274	done	voximplant.line.outgoing.sip.set
2026-06-09T04:33:51+00:00	api-reference/telephony/voximplant/sip/voximplant-sip-add.md	c98c7df095bff31f6ac0ea0e982ee8f854edcab7ab92b3335675cb1de07d2645	done	voximplant.sip.add
2026-06-09T04:33:52+00:00	api-reference/telephony/voximplant/sip/voximplant-sip-connector-status.md	4e47e7fa16c6d6b1192559337ae7724ab102e211aaaee92ae4ca7add443de2e5	done	voximplant.sip.connector.status
2026-06-09T04:33:53+00:00	api-reference/telephony/voximplant/sip/voximplant-sip-delete.md	08ec2fffbdda5fb895789f6134cc2cc028d74cbd54b6f2f4017d1fafc2faae6f	done	voximplant.sip.delete
2026-06-09T04:33:53+00:00	api-reference/telephony/voximplant/sip/voximplant-sip-get.md	48c12bf6f90162aa00908042e54d98640a6d6a1645438940c7805a73dc7cb3f7	done	voximplant.sip.get
2026-06-09T04:33:54+00:00	api-reference/telephony/voximplant/sip/voximplant-sip-status.md	5c6be1bde960024dc670fd8ff046c05d54e8c03898b6935ec0e5e21b2347c80c	done	voximplant.sip.status
2026-06-09T04:33:55+00:00	api-reference/telephony/voximplant/sip/voximplant-sip-update.md	943866130a00448f78426c4028e7fe0d5236e48a7e1fccb90746a99a821458b5	done	voximplant.sip.update
2026-06-09T04:33:55+00:00	api-reference/telephony/voximplant/users/voximplant-user-activate-phone.md	9e6262c4b2ca2988fa8af01f74fddd6cf8cffa1e360e2ff1d2e80fec2e8041fb	done	voximplant.user.activatePhone
2026-06-09T04:33:56+00:00	api-reference/telephony/voximplant/users/voximplant-user-get.md	6f3e00e32a66b7bc44d31bdee2f05fea3017c432035f0ca2de196b07b4a485d2	done	voximplant.user.get
2026-06-09T04:33:57+00:00	api-reference/telephony/voximplant/voximplant-callback-start.md	24a3ba48a56a52b588b16a9496ed436b23000fe7dc90e72698a32a117343aeb3	done	voximplant.callback.start
2026-06-09T04:33:57+00:00	api-reference/telephony/voximplant/voximplant-infocall-start-with-sound.md	7a09dbba35781fa7591054d4aacee01578b688e184dc40babaa7344d70260d52	done	voximplant.infocall.startwithsound
2026-06-09T04:33:58+00:00	api-reference/telephony/voximplant/voximplant-infocall-start-with-text.md	175eca265187b66eae49d2a60836dea3b6df2cd862a8f11c2ed58a82e094e3ff	done	voximplant.infocall.startwithtext
2026-06-09T04:33:59+00:00	api-reference/telephony/voximplant/voximplant-statistic-get.md	79581dc19b8931936d677ad757e7942d3c7f9cd672860a07a2f034df00983c1d	done	voximplant.statistic.get
2026-06-09T04:33:59+00:00	api-reference/telephony/voximplant/voximplant-tts-voices-get.md	03742d21889e7e8b93bf0320001b057059442555613b04bd430a71717cfbba57	done	voximplant.tts.voices.get
2026-06-09T04:34:00+00:00	api-reference/telephony/voximplant/voximplant-url-get.md	a0c1e1b7a27c823eb081e248168d8167f9b936f202e1738c7c84745a9f45a9c2	done	voximplant.url.get
2026-06-03T13:58:13+00:00	api-reference/user/user-add.md	bceb5c7302a32f408fa20d1862a8d85cd46d3704e8a81376d7fdaac858c886f1	done	user.add
2026-06-03T13:58:13+00:00	api-reference/user/user-current.md	d46f4f071661c722e1faf1b85aa38f6953d5fd514bafd00a8af09c5bb2e86b53	done	user.current
2026-06-03T13:58:13+00:00	api-reference/user/user-fields.md	09f607a0340ec53072517505196260bf8c1127ca48fd8f273b04addff565ca7b	done	user.fields
2026-06-04T10:26:29+00:00	api-reference/user/user-get.md	d2f0ceddd33e1204c784ec84c7749a3846dab1729bdd52aa7cd822eef7ada271	done	user.get
2026-06-03T13:58:13+00:00	api-reference/user/user-search.md	810c241378cd2ec19ecf11ab7cf017c183b98467953a68d87380ec070dae03bb	done	user.search
2026-06-03T13:58:13+00:00	api-reference/user/user-update.md	f035bba8d1478fe200a208df91e886ef7a0e6477533bbaac940b1a9f89fdba64	done	user.update
2026-06-04T09:34:23+00:00	api-reference/user/userfields/user-userfield-add.md	54301432cf1947d78b544b82cb552cb484b1a40486dc182d4cd3541af2c58290	done	user.userfield.add
2026-06-04T09:34:23+00:00	api-reference/user/userfields/user-userfield-delete.md	e1bb49a05df02365abb245f570fd5b475d0e33c93174ba274155a8c6a5c94526	done	user.userfield.delete
2026-06-04T09:34:23+00:00	api-reference/user/userfields/user-userfield-list.md	cbea4b2a3f8a12714c062a8f0eead1d2237527f6f0fd60c505f01acca9c95c42	done	user.userfield.list
2026-06-04T09:34:23+00:00	api-reference/user/userfields/user-userfield-update.md	aec7ee0b90125594773d91e2f190776141bc04ef40877905fd6fe25cfc3b3c2b	done	user.userfield.update
